Ingreso_Promedio,Educacion_Media,Densidad_Poblacion,Porcentaje_Desempleo,Tasa_Criminalidad
52928.81,59.29,8134.03,8.87,85.78
62911.36,1.01,4813.23,12.96,-18.90
56165.80,47.58,5279.24,15.79,42.33
52692.99,70.88,2580.15,17.18,12.24
45419.29,4.40,6089.93,16.51,43.16
58753.65,87.95,3098.76,4.16,36.94
46255.23,52.01,5815.11,16.74,59.11
73506.38,3.07,1779.81,2.11,29.48
77819.77,22.44,1678.74,4.80,54.43
43006.49,95.37,4228.59,12.84,18.45
67503.50,58.23,4325.51,3.18,126.63
51733.70,10.75,2754.28,12.46,75.13
54082.67,28.75,1402.81,6.85,77.53
75535.80,45.67,488.18,9.16,66.22
24262.16,2.10,349.80,6.99,10.03
25227.76,41.16,2788.35,2.33,58.28
21213.10,48.95,4672.35,10.51,65.08
69957.19,24.37,7289.81,19.31,75.71
66689.41,58.86,4801.23,12.62,128.77
72200.73,75.32,9050.10,6.70,140.91
78717.10,23.58,448.68,19.17,0.48
67949.51,62.05,1888.54,8.40,94.47
47688.76,63.96,3451.29,14.25,50.56
66831.75,94.85,5817.21,13.05,91.25
27096.47,77.83,8542.09,19.11,87.90
58395.26,84.83,3567.00,18.38,17.37
28601.20,49.04,2753.09,3.81,-47.41
76680.14,18.53,712.70,2.63,136.99
51310.90,99.58,8230.90,16.38,6.39
44879.72,12.94,3858.70,18.19,15.57
35873.34,47.15,5758.35,10.37,51.10
66454.02,6.81,9837.20,14.12,37.15
47369.02,94.39,115.79,2.33,-27.24
54106.04,96.49,1539.96,5.18,60.82
21127.39,71.94,7813.20,3.84,-12.95
57058.13,35.00,8070.76,12.42,91.95
56725.74,25.44,7715.55,4.75,36.42
57016.04,26.53,5416.29,2.14,27.59
76624.88,12.73,9790.68,6.74,71.12
60909.22,52.58,4022.23,13.87,118.52
41570.47,14.18,6059.24,11.98,91.97
46221.92,31.67,727.35,7.28,-3.44
61857.87,62.67,4157.59,16.84,206.84
23613.53,72.75,7252.75,6.25,12.32
60006.00,2.43,2463.51,5.95,7.39
60238.27,43.01,9443.89,11.64,109.65
32622.95,65.21,6899.16,10.09,19.54
27735.58,85.32,2947.00,9.47,140.42
38925.70,47.53,7713.09,3.96,86.30
41822.65,96.92,923.33,10.59,36.89
54211.81,26.56,9750.27,5.92,137.98
46316.09,1.35,587.92,8.45,93.77
79302.43,48.38,9341.21,14.94,22.86
26122.69,25.61,2603.25,18.80,75.54
32532.61,82.37,7602.46,15.70,11.71
29678.57,23.28,100.73,8.71,30.51
59186.50,31.06,2616.98,12.27,70.74
35197.50,79.12,7516.10,15.18,-3.76
47978.65,71.51,5370.13,8.87,-13.69
34665.54,55.81,1238.03,7.84,58.05
29538.18,70.49,3996.93,3.57,-34.87
26622.51,41.86,3817.94,14.99,-97.14
59379.78,0.53,5724.81,16.93,22.57
28290.98,1.14,6712.97,7.02,49.85
31794.94,51.12,8424.22,15.89,23.30
42123.51,8.33,5022.59,12.59,110.48
69259.59,5.11,3981.02,15.90,83.45
25826.08,96.55,1525.37,8.82,-7.49
70276.69,85.90,8067.75,15.20,53.30
25765.90,15.20,7162.37,8.76,-41.06
78587.57,0.07,4145.91,2.69,137.88
48119.07,94.17,5232.48,11.46,-15.94
78605.67,27.83,6685.31,9.63,37.59
56290.73,18.59,1731.58,5.80,53.28
64355.81,69.15,369.26,17.95,69.47
22351.27,10.89,3243.29,8.27,-47.78
36968.42,26.46,5996.29,1.74,-3.31
27211.79,97.51,4917.40,8.26,45.46
37768.41,63.95,6956.29,9.07,99.25
27123.66,52.07,8214.93,17.37,49.57
39078.99,39.79,4935.58,16.18,42.79
44855.78,77.45,1429.24,4.80,-28.26
23848.85,14.10,8521.22,16.94,-2.02
61548.33,96.73,5792.40,5.71,92.62
53996.09,86.11,7425.38,7.50,113.04
35923.37,61.77,7076.18,2.46,85.39
51394.88,4.29,9685.30,2.05,63.30
25636.43,70.09,3023.54,13.94,90.87
54556.79,91.33,7082.54,18.54,203.63
75757.77,52.46,3720.20,10.37,51.06
39114.14,35.42,4014.57,17.04,5.96
60044.62,12.03,2382.89,16.08,140.97
27907.87,75.49,3505.70,13.63,44.68
62979.63,88.50,9488.14,19.59,73.60
37364.37,10.03,2996.45,16.24,61.98
30991.48,75.90,2535.31,6.22,3.27
55190.78,1.71,5873.07,15.99,8.45
21206.45,96.71,2654.56,14.16,-12.65
69736.40,61.51,4786.52,8.59,137.03
20281.73,55.24,8358.34,2.46,-46.55
60668.99,29.59,2380.96,5.07,90.60
36200.48,92.93,4324.24,16.15,13.32
64111.64,26.59,6143.85,5.72,51.44
77731.31,82.81,5501.73,19.96,119.88
34925.19,98.51,9749.76,14.19,82.12
54569.44,78.34,6835.67,10.07,76.72
55522.52,51.90,7425.47,11.84,-33.13
54335.11,6.61,9672.86,12.61,137.88
33384.90,47.24,4202.94,19.41,103.89
77164.94,43.83,3618.26,4.07,86.74
46827.52,20.28,534.24,6.18,52.34
70784.52,42.36,1923.62,14.48,165.86
61968.76,35.78,2448.18,5.56,114.33
37846.22,16.37,1916.69,17.55,41.38
68827.87,44.14,7572.36,7.58,59.21
43790.34,26.28,5405.24,4.44,39.11
72866.19,52.21,6709.57,1.90,136.73
54876.37,3.52,8222.58,12.32,111.88
72904.12,90.62,2384.66,16.68,-2.77
61551.90,81.64,3326.65,6.20,89.78
63515.26,55.26,7112.77,18.43,111.72
50079.46,85.18,3988.31,15.40,-20.24
77365.02,96.24,389.78,2.16,82.22
58639.41,11.05,4406.06,11.88,-25.21
45431.30,63.08,9091.90,11.78,56.91
56383.59,99.80,4149.31,4.85,-42.78
21151.59,98.79,3389.26,7.36,-7.94
38094.49,60.33,9896.30,9.71,12.54
59610.41,12.80,6479.71,1.91,29.17
37404.66,58.32,3723.38,3.85,114.98
57080.93,0.21,1109.99,4.12,88.86
45726.12,19.89,7899.71,8.21,30.75
28128.44,95.61,7109.94,15.20,-13.53
37896.94,33.04,9226.97,16.79,30.96
54197.89,63.84,2251.03,4.09,7.74
55452.37,28.09,1237.75,15.29,109.11
54459.51,94.78,7268.32,13.74,159.30
59192.05,72.86,2113.62,17.92,116.85
59126.20,32.97,1843.43,19.41,80.71
45885.11,79.18,3266.09,3.36,42.60
73792.80,10.82,8186.57,2.53,58.54
42053.71,39.23,5441.41,16.19,134.32
46151.90,22.12,553.92,4.08,22.36
73515.40,68.37,4692.56,4.70,156.57
68371.64,10.24,6871.40,17.76,16.79
62233.32,39.70,5429.85,18.84,52.42
26013.61,27.66,5767.26,7.05,-54.69
75168.96,50.63,2325.30,17.00,88.13
62854.48,34.99,8492.62,17.32,4.67
79930.82,70.64,5657.85,12.50,168.18
28966.90,2.46,7161.14,11.76,54.58
72087.56,63.40,9820.46,11.94,103.96
29749.58,23.06,4339.17,6.72,48.88
56933.57,26.87,8822.56,12.76,7.31
27429.20,80.03,172.08,5.63,38.64
70880.49,95.56,430.73,4.38,167.73
68439.14,31.66,5943.77,8.85,73.87
54146.04,82.68,3183.35,14.41,8.30
44431.00,10.40,2557.94,12.81,-43.19
24150.02,63.40,2851.56,19.33,-6.52
61845.73,75.10,3252.19,13.28,-21.27
47212.56,15.60,7316.58,3.68,93.74
63323.34,42.60,5735.04,4.06,107.38
71982.94,89.27,7911.46,2.77,33.20
78531.29,10.36,8318.95,4.63,114.23
71348.20,1.81,8445.06,12.36,47.53
20702.85,59.06,4204.98,16.93,23.42
41598.68,43.55,4270.61,17.98,65.20
63799.43,79.87,9270.03,8.60,46.60
30297.78,92.35,6651.46,11.61,56.21
51262.20,29.92,896.63,16.37,-28.02
23260.28,38.84,5467.65,6.93,34.13
31999.79,48.63,3624.47,12.32,35.25
21111.31,58.82,9875.61,4.31,-76.21
67621.86,98.39,235.19,10.05,-17.86
33435.48,69.73,6160.59,4.29,-54.54
40721.10,38.95,7263.87,9.79,66.44
75684.88,26.38,2960.18,8.54,86.88
62264.86,94.46,9739.05,9.23,80.96
21910.34,13.55,8609.41,5.63,-39.41
29881.65,72.03,9164.96,3.58,91.83
57288.70,92.54,290.40,6.24,111.43
54633.72,66.47,5741.73,5.55,21.29
34273.57,42.31,3017.04,14.95,98.08
76052.84,19.90,8505.38,14.62,68.51
56837.96,36.75,6365.21,12.11,-26.97
52137.97,70.69,5434.88,2.74,-24.50
55394.60,64.95,1234.42,11.76,97.08
63807.32,92.80,5448.21,2.51,63.60
38716.70,86.69,6355.85,1.35,87.78
43893.26,81.62,9563.53,7.70,44.47
32590.62,91.15,5892.01,5.57,50.97
31171.58,27.63,9677.27,12.30,142.35
76662.34,36.95,9619.90,18.64,151.50
64373.05,37.99,6536.98,14.68,47.73
49427.53,56.05,5108.49,15.58,73.18
33644.88,66.82,4713.62,19.07,63.37
35261.39,28.67,8914.75,13.05,78.33
23481.75,1.95,379.74,11.98,32.03
46065.00,39.92,1226.70,12.44,26.39
38707.75,30.85,1110.51,17.45,43.53
61780.61,94.22,7593.66,8.37,42.77
42665.11,88.83,3462.55,16.11,131.83
30776.22,86.03,6415.89,13.39,97.81
21480.72,65.30,6077.45,6.79,16.30
24034.98,34.43,3919.70,1.26,50.45
60763.57,54.88,5362.52,4.99,57.49
47221.81,81.52,6486.87,14.30,111.88
52194.75,9.86,9415.41,12.01,109.64
73800.28,80.11,5798.78,6.22,107.23
79420.34,4.12,6182.24,9.25,127.98
33013.82,81.64,771.77,13.56,71.04
59784.69,80.76,9526.94,3.41,123.49
35799.34,5.10,5328.01,9.21,67.36
21239.06,62.72,8032.61,8.92,33.83
65502.72,50.25,597.88,11.31,41.64
39201.03,16.98,4267.01,10.92,-34.39
43007.83,14.84,2644.06,7.99,46.62
55299.03,77.33,2743.06,15.49,23.25
69862.91,56.77,7935.39,2.28,77.86
57738.91,98.30,6276.28,1.68,119.76
72359.04,98.22,4453.48,8.98,86.00
36412.52,99.27,204.80,18.04,20.66
67882.81,11.86,9652.79,6.27,30.23
31138.16,93.83,9624.03,4.27,-35.37
77167.50,24.46,2253.77,18.64,148.81
61249.30,45.82,509.33,4.20,-22.59
32930.46,75.74,5348.97,8.12,-8.81
76842.24,20.36,9518.97,14.85,-33.82
63851.35,56.63,9112.92,5.96,53.04
35236.50,18.58,5888.16,5.37,23.12
32798.72,10.47,3105.13,8.56,17.58
51092.04,11.66,3366.61,15.96,52.94
21539.76,35.76,8989.34,18.31,-14.52
32448.20,0.47,4968.66,1.59,-8.23
45481.13,42.49,1398.05,4.14,141.37
42450.20,66.42,2559.41,19.21,30.75
47814.53,40.17,2840.27,12.26,98.20
36657.72,8.58,1323.11,11.48,-0.18
55207.06,6.27,4684.14,16.46,140.84
71831.34,27.81,9168.90,1.76,152.54
27051.91,16.93,6720.95,1.26,43.60
51042.75,96.51,817.49,19.38,1.07
27924.09,15.12,154.40,16.74,37.27
63011.58,80.55,2834.85,15.20,70.38
43763.58,58.61,3690.66,3.96,60.74
53925.28,56.93,7789.82,10.06,10.01
30996.79,51.21,9673.35,18.81,-40.15
28690.87,97.18,3936.92,18.74,41.81
49283.38,36.38,6898.23,1.18,53.77
41336.76,78.79,9949.53,15.30,46.44
76425.92,55.53,7482.10,1.12,132.77
65919.52,39.56,6398.28,19.70,-2.84
64919.82,95.55,872.94,8.92,120.45
74223.18,59.83,3299.83,19.50,42.06
25005.35,11.89,9142.58,7.99,10.24
53131.55,41.75,2089.95,6.57,16.84
55068.56,78.16,8451.54,7.01,64.55
77716.18,69.37,6993.60,14.88,-12.57
37528.85,91.63,3726.61,4.79,14.12
34449.73,25.94,5338.83,17.42,13.66
26017.64,75.82,5473.78,12.22,94.21
20985.78,45.99,7169.13,19.43,33.52
75771.76,57.36,5213.90,19.75,115.55
60194.99,95.50,1417.45,4.52,65.49
67109.17,97.93,7757.20,19.16,19.66
36903.81,86.16,4122.10,1.88,87.26
55184.61,35.91,9634.63,1.53,17.91
23837.32,88.77,2906.79,18.93,2.53
49137.66,63.86,2704.48,19.29,63.24
78649.71,43.00,3401.72,3.80,130.93
72590.31,3.57,5765.94,9.41,67.52
40289.54,77.01,8959.21,10.39,120.82
77694.21,50.21,1845.19,17.35,54.12
33902.10,78.62,2868.82,12.93,72.18
76959.13,74.80,5858.63,15.72,82.14
76482.66,79.36,4597.91,10.22,158.82
67952.16,30.07,4528.50,13.32,83.67
57826.88,80.08,8225.27,14.97,-31.04
72457.28,54.88,9246.40,15.02,131.87
37581.22,47.33,4864.94,1.03,38.50
70936.61,67.51,6904.78,2.90,48.28
57072.60,2.14,8030.48,7.91,123.22
20794.21,10.23,5231.83,2.16,9.23
40834.01,29.22,3013.73,8.28,75.83
28888.45,98.30,6417.04,8.40,-4.53
78909.76,13.97,5892.58,18.48,42.10
48702.22,33.06,9025.47,11.77,144.23
49843.48,5.11,618.83,14.42,15.49
58368.35,33.13,9110.30,17.86,34.13
42115.08,32.03,5390.88,9.40,-38.30
28214.02,94.68,255.19,1.04,114.71
69327.06,84.52,3512.55,6.42,94.23
31390.87,38.28,7270.90,16.47,48.28
50679.14,2.48,4935.49,18.13,104.44
33459.02,83.10,9803.57,7.68,-28.01
25870.67,66.05,4283.84,6.59,3.82
71731.49,15.24,3333.69,18.57,72.16
78375.17,99.61,8234.55,7.67,5.95
77650.08,10.02,5524.28,13.39,148.22
74393.33,86.71,6855.03,6.33,78.47
66442.84,29.43,8076.45,2.86,55.28
39988.71,43.54,6747.13,10.52,56.80
24866.08,79.55,4281.83,18.54,-7.76
44434.47,67.75,1335.48,12.75,51.69
33934.05,93.79,5844.46,4.97,210.31
27949.26,62.11,8984.59,13.97,63.18
23205.63,9.78,4247.04,15.60,111.62
63535.66,88.44,9116.18,7.09,50.78
20685.65,76.92,5084.93,11.62,-11.89
66234.84,71.19,6246.33,13.96,86.72
28816.80,5.37,8346.59,4.05,-33.27
24771.32,39.62,5689.51,19.32,-85.58
25376.18,16.74,1000.60,9.57,66.96
60322.87,82.19,9811.70,19.61,97.39
34722.03,70.05,2533.91,4.60,81.41
45232.37,88.31,7134.00,10.19,51.64
53442.13,96.66,5100.62,4.15,157.36
71633.07,77.47,4839.85,1.19,72.27
63622.66,99.42,2515.01,5.52,40.92
36219.67,61.48,7249.29,8.66,-109.11
27888.97,3.71,1216.60,9.19,30.53
23322.46,1.43,9905.49,17.84,69.92
38095.92,34.21,8469.20,13.08,43.44
35727.09,82.35,5391.64,9.25,96.94
47368.43,86.61,4303.07,19.77,167.11
60996.88,96.08,2936.00,12.67,57.33
61737.53,6.51,5065.76,7.13,128.30
37011.13,4.46,8806.23,14.13,-37.28
42795.62,91.33,2822.56,10.42,99.36
30869.06,30.50,5055.32,17.74,39.04
67312.73,55.80,2422.04,18.03,61.24
23410.88,98.24,3437.78,7.98,20.24
61819.83,40.04,1983.58,11.68,59.00
66721.72,66.59,9906.34,6.05,56.28
66644.45,40.09,5757.82,12.91,81.58
35565.35,76.82,7354.87,19.85,31.85
42428.79,52.77,1072.67,16.82,-10.36
55255.98,23.75,3724.56,7.96,81.11
36369.31,27.13,8937.13,2.81,10.98
42251.17,25.81,935.94,19.37,99.65
31823.26,53.23,1738.28,8.40,35.13
47591.35,70.32,6291.63,6.57,58.94
22676.74,94.93,6265.61,7.01,-74.78
67987.75,69.41,8398.45,10.31,10.15
24617.39,78.12,9361.38,19.18,76.60
51130.11,16.89,1505.67,19.75,19.44
38408.61,37.41,2667.80,6.63,16.79
54652.58,41.38,4331.87,7.68,45.76
77566.00,68.64,108.94,10.72,150.75
58734.21,29.59,791.16,1.16,82.44
22121.75,30.33,2342.26,4.32,92.63
45824.15,35.59,4862.91,18.79,37.44
50601.01,81.03,2590.08,1.56,66.26
52170.65,57.76,8779.15,2.92,-2.99
60883.55,7.53,3310.30,8.99,124.79
36655.77,7.82,9253.77,14.90,47.09
27731.63,37.13,9750.39,6.11,34.94
43560.54,76.66,4553.63,6.81,65.48
77384.34,68.87,2348.58,6.80,154.72
31227.85,70.80,2987.49,17.58,25.50
74239.04,76.72,7785.70,5.30,162.39
52628.36,28.72,2806.16,11.69,15.05
47414.69,54.83,3867.77,20.00,73.52
72922.48,54.34,4837.90,14.84,178.38
47516.24,73.96,5793.60,7.39,28.03
63450.06,95.69,9961.39,15.54,80.71
43941.52,27.80,2398.88,19.12,92.82
74242.66,79.33,3598.89,8.10,72.35
61401.50,66.00,2702.62,14.45,-8.62
61977.32,58.02,3675.02,2.44,14.18
39663.22,77.49,1097.96,18.01,73.71
65406.72,94.40,3662.12,2.83,114.98
58163.66,3.67,8889.86,8.09,102.39
34401.22,14.74,3056.04,11.31,96.72
29632.33,75.63,3782.15,6.01,38.23
67783.49,8.38,9450.29,13.34,83.20
77550.00,51.61,7310.95,11.53,6.61
47488.33,21.99,5215.71,14.63,68.35
55459.05,27.43,7794.21,7.73,91.09
71463.36,70.18,1319.48,11.37,47.30
47433.41,3.02,4698.45,16.43,84.63
77112.47,87.33,1270.54,16.40,-8.68
54545.07,44.45,2412.82,14.57,97.10
69246.03,50.24,1504.49,11.30,89.26
74530.62,54.00,3681.83,13.79,185.06
68931.43,64.55,3878.23,2.65,144.59
29564.87,34.49,9478.35,9.96,109.91
57733.91,10.11,2714.84,17.34,103.60
43906.06,31.84,4777.05,12.54,81.24
23762.78,16.81,8132.66,18.89,-30.32
45441.94,55.61,8174.61,5.98,33.69
35521.04,31.80,7528.40,2.83,131.86
70942.30,95.81,2949.55,12.91,3.13
21998.28,96.57,5000.22,2.73,4.48
77538.96,62.01,1943.49,15.86,11.58
41322.13,61.75,1965.16,5.88,118.87
41402.41,98.54,4414.83,11.24,18.11
20979.71,88.73,7412.06,16.42,103.21
31113.94,76.51,5313.18,15.97,15.43
44075.57,31.36,8878.16,10.42,23.87
75757.49,36.55,8326.00,19.54,144.68
25976.90,20.13,412.89,10.46,77.92
76718.09,48.71,5727.35,6.30,-54.10
72169.31,99.04,6130.70,6.75,99.73
47249.74,91.22,9619.59,15.13,82.26
39602.05,11.83,330.04,9.31,55.09
33964.65,2.52,5357.93,8.96,6.08
56867.88,89.86,2127.34,1.39,63.29
21984.48,53.72,631.26,6.80,7.08
20936.36,20.02,5916.14,17.35,36.50
45727.74,67.37,7748.78,16.27,40.61
24084.44,64.42,7771.17,15.18,-2.01
35116.46,12.21,399.86,1.44,48.30
33269.65,25.96,4128.77,1.51,78.39
35191.47,6.01,540.65,6.92,54.64
27863.31,20.99,2553.60,10.01,5.18
20722.17,13.23,2009.52,18.29,42.53
26929.06,19.32,2230.31,8.31,85.42
57108.82,68.55,3457.27,6.48,141.88
78455.37,4.95,2846.44,11.85,143.83
79420.70,10.19,9626.57,18.38,111.29
44543.25,13.42,3588.83,15.03,-0.91
29777.27,31.65,8952.31,17.28,-33.50
58325.71,29.88,1892.31,4.46,53.21
49418.32,25.51,7661.09,3.39,-16.04
79364.59,75.05,707.32,11.34,45.13
23918.25,99.80,4681.34,14.25,20.41
66994.07,53.40,154.55,19.14,47.78
37303.91,94.42,8121.88,8.06,25.91
34485.12,39.66,9509.81,7.58,-26.92
59750.27,10.67,447.56,10.80,76.32
34763.79,40.88,9345.08,14.01,89.59
59951.55,29.61,7761.15,11.75,37.54
51038.51,49.34,3652.73,14.74,92.33
45445.34,65.70,9097.88,8.23,183.58
53281.27,46.11,3032.95,17.38,53.69
37223.09,93.52,4152.02,4.48,74.78
62394.48,88.48,1057.44,7.00,77.23
44891.41,70.20,6603.70,15.70,98.37
41632.73,48.97,393.05,7.38,-39.30
69719.41,13.17,4900.56,13.69,21.87
75498.01,39.70,6863.60,6.47,87.67
22760.44,70.44,8230.25,4.55,72.11
33957.62,28.49,1584.42,6.71,45.48
40911.16,10.40,7565.49,17.85,-37.32
68897.99,90.79,7218.86,9.76,32.72
79129.49,70.91,5639.75,5.28,44.39
78138.30,61.53,5887.98,7.11,102.59
74296.90,79.25,1003.58,1.05,41.19
37793.38,83.56,6044.66,15.36,8.75
79520.67,48.35,3877.07,5.29,138.76
34965.20,88.12,8689.05,12.36,106.73
26354.37,91.64,3199.68,1.48,10.69
77057.16,27.16,5808.29,16.86,103.30
34005.22,60.75,4323.06,4.56,-55.07
61386.10,52.66,8774.99,1.09,76.30
23501.38,53.79,2613.78,6.72,88.00
63842.55,93.77,880.14,18.49,95.18
72903.21,30.52,7511.69,5.99,82.96
36346.21,98.34,4187.68,10.57,21.91
42743.41,90.21,5932.07,8.74,15.40
42457.77,45.87,361.25,6.59,38.50
64927.30,81.75,9525.89,18.62,-7.64
34268.43,76.90,8788.42,15.99,119.79
30311.19,67.79,6276.29,15.48,63.52
46957.50,31.98,268.60,11.00,46.84
38268.10,19.65,3841.97,16.67,12.28
70351.35,67.15,9790.09,9.71,71.83
34264.51,84.30,6845.17,9.84,79.15
50143.37,1.63,1693.78,10.38,105.72
76555.02,64.28,4659.91,5.50,36.37
58039.86,44.29,9670.70,18.55,14.36
72037.36,89.81,5393.61,5.92,180.95
76412.58,32.15,343.68,4.77,138.24
65045.89,47.42,6235.74,5.63,105.47
61974.50,51.48,2785.04,16.53,60.04
78077.93,14.04,1078.57,15.60,129.28
79664.05,71.29,4088.79,9.12,21.00
47109.30,83.05,5629.38,1.26,128.70
24252.19,5.79,268.70,19.54,27.46
37567.64,29.14,5634.56,3.52,82.11
29141.28,3.80,5160.91,17.18,66.45
45049.18,95.65,7959.69,15.85,43.47
27877.36,66.72,4293.14,18.82,24.11
56247.07,96.42,5579.16,15.69,122.33
42968.48,53.15,7445.89,7.30,99.29
73723.15,80.21,8981.74,5.41,-9.89
78067.68,37.44,3862.34,8.18,-1.55
52813.09,35.38,6056.17,4.86,10.50
36489.41,37.83,6976.65,14.67,-3.19
55533.83,65.79,528.38,16.70,4.61
73805.67,35.95,8027.53,13.28,92.41
44404.00,90.04,3836.56,4.54,26.22
53124.70,98.33,6735.37,1.71,118.43
36299.17,3.04,4769.47,12.03,113.94
47326.65,19.36,7053.16,9.79,50.89
44102.81,11.22,7270.88,4.79,133.28
34904.81,4.24,1996.55,7.99,41.12
50351.98,22.77,6655.52,11.29,33.61
38622.85,44.68,8528.10,13.03,46.86
42382.09,83.70,2432.12,10.06,94.63
51498.23,22.18,7606.02,19.46,-24.22
65035.70,49.39,6374.87,1.88,59.61
40010.45,92.96,9555.75,13.51,59.88
75449.53,66.72,2676.44,18.28,98.60
71739.11,79.81,1627.35,5.49,58.32
22921.42,55.10,3190.00,5.06,52.36
35218.55,98.05,2653.79,15.48,54.82
46768.13,58.87,7592.64,10.24,22.17
26277.67,4.55,7357.78,19.85,140.36
40908.56,19.80,6729.88,12.19,67.89
64405.85,40.48,2242.15,18.55,52.85
60830.87,60.13,8631.89,1.23,37.24
57343.07,77.19,9570.06,3.94,113.81
62631.70,41.31,5362.90,14.00,72.73
32295.42,71.01,6528.79,8.91,164.70
40501.89,78.99,5056.85,16.88,23.71
60574.55,31.73,2907.22,9.15,3.44
72754.09,97.93,2932.86,14.55,76.37
52620.68,64.97,3202.86,11.76,66.37
36961.98,88.10,1989.42,3.28,-63.96
21814.12,55.59,9029.04,14.64,11.36
62620.21,74.16,8598.14,14.42,49.20
20473.05,77.05,4670.23,3.20,7.03
42360.74,90.82,3735.79,11.68,15.85
51832.23,15.03,9396.88,7.38,-10.33
75326.69,55.83,2301.50,9.72,118.23
25369.67,42.84,5580.07,9.03,1.18
44356.54,92.32,639.53,2.99,-1.83
21458.79,10.51,1992.90,4.00,-11.54
40556.66,98.26,6079.87,2.65,21.94
57333.86,87.55,6655.62,4.66,67.77
36744.08,7.38,5851.86,17.20,75.16
32585.00,49.10,8709.05,1.47,-10.07
26942.19,71.76,9934.71,9.20,7.98
54628.41,73.82,7662.23,16.22,-7.65
61716.20,90.65,4704.41,2.90,-102.90
60317.43,79.99,8355.95,5.33,73.11
76931.66,31.09,1291.84,14.82,157.93
20162.19,49.84,6864.38,13.30,51.27
58831.80,70.18,5231.54,11.70,38.48
56023.53,13.84,1862.85,4.26,65.85
55324.38,19.40,9732.04,16.10,1.58
77766.22,48.10,3450.53,3.69,76.65
21012.30,29.82,6192.69,3.56,4.63
61788.95,86.26,8798.08,16.11,24.15
68820.72,58.63,5116.22,8.02,94.10
50588.43,34.87,1239.86,6.94,185.58
40037.89,84.88,8205.52,6.29,128.31
67450.41,80.49,3596.82,7.17,68.85
25834.58,99.84,9832.36,7.47,75.04
46522.14,84.73,8849.87,14.23,94.66
51197.14,41.45,8549.15,5.56,23.82
61637.38,12.75,3626.91,7.18,98.83
25453.14,84.06,7595.58,15.75,-41.60
33665.57,5.98,9864.66,18.35,-1.60
44618.09,35.03,5310.58,12.64,61.56
57397.68,91.97,4760.25,3.00,41.66
73217.65,96.08,245.19,11.29,166.04
57129.57,64.06,7032.02,12.93,94.53
28007.69,68.86,8598.93,6.97,13.91
78834.81,4.25,2549.83,16.73,60.31
72307.14,51.45,3218.74,15.86,86.66
50163.25,54.69,5056.70,11.93,2.39
75340.88,34.01,813.59,3.76,110.12
52482.85,6.86,987.46,14.25,-11.28
75398.36,22.89,4269.00,18.01,111.55
69793.84,35.80,2686.07,5.75,66.56
78097.18,43.51,4119.77,19.22,103.83
75186.97,59.09,4598.42,15.65,29.56
22162.03,72.24,9765.11,6.71,39.41
30486.32,31.76,9448.17,12.72,156.10
43348.08,32.90,1483.33,6.85,25.49
77128.56,1.97,8837.60,2.89,98.00
38001.74,4.09,894.05,16.66,118.28
29628.06,25.78,5125.59,13.65,72.71
73178.28,74.02,1722.71,12.67,99.77
46783.66,62.83,3722.33,3.70,1.10
74472.54,76.98,7459.07,8.17,15.59
29613.83,76.89,4302.60,17.66,37.29
59667.05,85.66,8088.82,4.10,41.51
46415.83,72.03,7216.28,1.91,50.46
24589.21,97.90,9434.11,4.63,39.87
61787.79,89.88,5388.14,5.75,32.97
34843.93,58.67,8041.26,15.89,64.55
22376.93,58.82,3296.78,13.31,120.30
23596.66,3.43,3522.88,1.33,-21.87
23664.71,99.85,4065.05,1.33,5.19
74463.98,13.16,4168.07,11.77,76.98
64393.04,74.03,1122.21,13.03,126.42
73883.74,82.10,5239.08,3.38,19.56
60354.94,37.31,1058.35,12.60,12.10
51736.40,19.69,8908.65,5.57,-51.45
38266.78,9.88,712.26,7.40,21.25
79877.74,74.86,4551.97,8.77,118.89
41731.34,45.27,2918.47,3.21,99.99
48238.94,71.37,1633.21,19.30,71.10
42694.71,91.54,7859.98,19.50,17.65
78771.62,14.66,7177.83,9.46,119.10
30479.50,91.92,1544.88,5.89,45.70
39679.28,41.16,6364.38,19.21,-51.36
60820.92,30.53,7946.30,16.54,4.42
23792.46,94.31,7755.99,14.76,104.39
56434.96,99.07,1013.57,9.77,77.55
48658.79,19.89,6886.58,8.80,-15.08
37040.00,65.68,7188.64,15.81,83.04
34304.80,10.65,8635.45,10.87,92.38
50870.76,65.09,5129.64,13.55,34.12
42075.65,82.73,4664.83,11.76,79.96
47391.19,68.45,9654.65,14.53,-134.61
40248.64,41.73,7985.47,2.79,93.93
78229.62,38.31,5631.44,8.17,141.99
28006.37,39.31,3373.11,4.17,-23.23
25808.24,58.97,8467.86,5.60,44.91
40603.50,88.16,4608.82,4.82,28.70
55461.61,92.91,1017.58,10.56,55.34
59550.59,5.35,4603.55,1.36,43.31
43835.40,18.16,8732.49,19.32,-17.78
79956.68,11.22,4537.99,10.86,179.48
41113.58,19.33,242.06,2.00,30.60
63284.40,34.66,6153.70,13.96,73.52
58254.96,50.65,9958.72,6.11,12.78
68783.23,62.95,8190.76,3.03,21.94
78573.54,73.21,6210.66,16.78,104.20
73387.62,89.01,9152.55,4.76,104.71
65873.72,98.91,8154.46,2.99,114.77
61894.91,66.29,5036.53,2.08,122.08
40129.89,84.54,5953.08,14.84,34.62
28861.13,77.80,7339.80,13.45,11.65
23758.16,30.75,8479.62,1.16,66.10
34514.10,87.57,675.95,5.21,7.64
45936.89,4.28,7770.56,14.39,94.52
51319.78,0.04,4530.28,3.89,75.04
66385.01,27.37,6641.91,11.96,129.14
77524.46,46.21,7669.87,5.05,116.04
27039.23,63.84,5441.07,9.54,-20.68
26420.25,10.18,1669.30,17.48,-11.86
55381.68,67.30,4154.32,6.75,97.01
64723.88,80.18,861.04,14.03,165.08
70889.02,18.53,6924.08,9.33,9.75
76149.92,41.51,9541.69,2.83,82.31
79005.57,52.00,7973.00,7.85,98.09
43988.10,45.18,3958.89,16.98,-27.30
42820.11,79.98,5884.49,19.49,71.73
28868.52,96.05,3111.59,17.06,29.21
61096.07,79.90,5456.35,4.08,-38.73
59405.72,7.80,3077.20,7.56,145.49
71723.76,80.49,7409.42,16.79,33.56
25835.48,6.66,2667.48,11.52,-33.29
49866.61,23.60,9643.80,15.75,75.87
54864.92,15.31,6653.29,15.78,87.74
34493.42,19.75,780.90,2.35,76.31
30141.52,52.83,206.70,7.51,15.84
71574.85,67.17,9970.76,10.10,76.03
23512.10,47.03,2283.01,18.96,-8.03
48237.25,95.97,3194.37,18.07,-12.27
26950.04,24.03,2163.30,9.04,85.91
47423.53,76.31,9288.21,2.82,47.29
78797.74,87.02,6554.93,8.69,74.68
45422.38,56.21,5093.42,11.18,-49.54
71427.50,45.62,5620.74,18.18,67.51
27038.93,59.62,3246.94,6.60,-10.09
36275.12,42.88,6180.33,6.87,32.54
44227.56,55.52,4254.04,12.92,38.27
43988.73,41.69,2072.36,10.60,26.67
60283.01,40.05,6600.39,4.72,112.22
40683.09,69.53,3801.02,3.75,68.04
62826.01,9.29,7872.16,10.30,124.18
58351.21,16.65,4212.41,15.81,-2.89
43949.67,85.12,5131.89,15.80,16.50
45905.61,77.11,7895.92,19.54,48.89
56871.66,28.15,4533.99,8.27,41.54
24202.53,37.73,9665.59,8.45,25.24
69344.40,92.60,7950.98,1.03,15.24
59205.27,81.81,8281.66,16.77,28.40
63580.55,61.43,9543.81,13.29,-13.50
52215.38,22.15,3949.62,15.63,12.71
26628.63,4.43,5842.79,9.94,66.34
44302.14,43.13,6966.56,18.48,38.59
44322.41,67.26,6767.24,1.55,124.61
39262.58,82.85,9534.07,3.19,14.49
21797.02,85.27,2954.65,8.14,32.75
64235.25,3.28,2984.48,2.62,8.57
26587.07,24.42,9188.24,2.67,161.62
56378.49,33.91,8013.13,11.77,52.45
62193.05,18.87,2113.23,5.11,108.67
58087.18,80.30,5743.46,12.90,83.76
77548.54,76.75,7483.06,18.66,53.35
26197.89,51.68,3595.06,16.65,-35.35
72030.03,98.29,4400.38,5.72,84.84
21751.41,14.41,5796.43,2.70,-1.09
52095.01,89.97,4724.37,19.05,49.32
44254.62,11.65,7555.12,19.90,81.82
51451.03,16.32,158.79,8.12,60.36
41905.99,69.62,4402.86,9.75,65.76
31434.01,10.96,3442.06,3.76,43.94
21147.37,56.58,6130.72,14.49,-47.22
51088.99,42.02,7781.99,9.01,125.89
70566.61,72.85,853.84,16.26,134.36
42392.96,90.07,1664.79,11.97,-9.42
33371.83,76.99,6684.31,1.81,63.64
24831.92,84.97,7410.18,7.36,-3.27
25118.66,3.29,5923.20,16.36,-7.23
33283.79,31.02,9829.75,14.07,38.04
26000.84,51.54,5044.67,13.02,118.38
35902.38,41.60,1449.29,13.78,93.80
23968.97,23.13,6894.28,12.50,59.23
23936.29,30.79,6060.55,13.18,-28.59
71376.57,94.54,5945.17,12.79,204.10
29727.22,29.42,5503.95,11.14,78.41
53580.94,35.39,9397.05,15.40,-58.86
66407.33,0.37,1378.65,8.02,91.38
47384.57,84.51,824.65,10.03,27.95
29202.13,15.48,1625.76,8.63,54.70
31975.77,20.41,2525.40,4.97,57.01
45979.05,25.53,5970.17,7.12,5.05
51694.05,88.46,6163.01,2.05,147.99
40966.42,20.65,2402.76,7.19,55.96
66888.78,79.75,4943.33,8.42,118.96
65061.30,80.80,4872.41,2.77,137.63
75632.71,92.70,4585.80,5.19,43.72
21737.15,11.56,8055.10,5.74,-18.85
73741.48,21.73,4769.76,5.32,134.84
43554.13,74.29,7607.82,7.65,118.20
72702.35,19.60,1748.16,3.75,8.85
61447.09,28.63,5366.48,14.90,167.01
79240.93,16.67,8258.64,7.51,72.47
65556.95,17.27,1859.39,3.32,105.15
41872.68,48.16,4702.73,12.28,75.09
50063.79,10.97,6129.89,4.41,6.50
42583.35,32.17,1929.27,2.10,4.38
41894.71,42.66,7591.98,4.10,-57.28
35654.27,2.45,882.06,8.98,-16.90
49758.22,38.83,9469.51,14.18,-19.37
60904.40,9.41,4735.39,13.19,67.91
36640.42,49.36,3427.62,1.10,110.11
51462.79,82.57,1256.39,16.07,55.11
27042.82,81.84,4382.71,7.38,48.99
29590.72,8.04,6632.06,13.91,73.49
22808.38,60.12,1035.42,1.62,61.79
78243.89,83.46,3132.06,8.48,63.95
20231.62,23.80,8376.57,1.37,-47.94
30714.80,76.19,6497.19,16.51,14.22
56772.01,89.08,2143.09,4.55,64.92
24882.18,80.61,1693.01,13.82,-13.70
72913.79,10.73,9054.40,6.26,96.01
63177.21,0.91,2941.50,3.57,53.54
77983.40,19.17,1877.05,18.68,114.07
50458.13,27.05,9999.64,12.31,15.30
38024.22,61.62,3161.00,17.92,-3.07
52970.03,38.43,1334.93,6.83,146.67
75849.12,70.34,4671.40,16.77,82.29
51245.69,35.31,4400.02,18.89,83.89
36032.42,15.44,9275.34,8.51,-13.89
72643.93,31.27,1428.63,18.18,58.78
42315.12,88.43,1002.25,7.37,81.42
20083.00,95.85,1020.49,7.17,103.36
34861.10,20.75,9052.45,19.92,3.64
39094.01,78.85,4548.75,19.10,3.95
71526.65,27.33,1591.00,5.34,75.39
47510.19,88.71,5978.92,16.91,-23.71
46675.24,16.55,5422.47,7.51,50.17
40166.14,66.60,2064.23,19.61,41.93
72840.69,8.42,6070.08,17.15,114.08
76701.61,97.39,3468.29,18.19,152.43
79513.42,70.06,2459.87,11.90,113.01
42604.48,84.18,5152.97,6.59,84.68
77968.85,56.67,2987.33,4.75,85.58
67512.77,47.68,2299.19,11.03,54.53
60541.35,62.19,8809.25,13.76,-34.26
34693.37,52.87,1642.05,15.09,-4.62
32987.44,46.94,2877.84,4.24,48.85
29962.87,75.95,3922.77,11.18,-47.32
75365.40,17.82,2809.02,9.29,92.51
37644.60,17.12,2186.04,4.96,22.60
47185.65,43.18,7734.35,11.51,1.11
49637.47,32.07,3357.26,6.24,31.14
66690.30,7.41,1213.88,11.17,108.13
70654.10,84.45,5454.86,4.80,119.93
28344.36,77.16,1342.34,18.10,-63.51
45614.26,54.39,3639.44,7.42,43.14
70571.29,97.93,8830.08,12.60,121.27
69082.00,7.26,3754.70,3.32,61.19
26144.83,76.67,6361.84,12.97,36.59
29383.00,26.64,5194.79,6.17,-40.39
38251.92,36.86,1463.48,19.17,19.25
24521.54,21.93,6525.79,8.49,120.96
45479.78,78.90,8574.75,12.54,11.08
26457.06,14.42,1022.80,5.10,-40.57
54093.06,84.00,7561.43,17.37,66.57
34793.42,66.16,6933.09,16.28,79.22
55785.98,5.90,8679.94,5.67,120.48
27051.54,81.10,1130.51,18.31,6.17
78553.03,62.78,3126.38,1.76,94.68
75953.67,90.50,6973.49,15.30,108.17
43507.82,74.87,317.98,9.70,80.97
34530.72,56.11,7367.35,16.87,12.17
35023.89,83.65,8593.99,9.84,125.66
49003.61,27.81,4587.71,2.25,19.64
22399.57,54.70,4399.87,5.30,62.79
58382.31,29.36,2856.84,19.89,62.29
44498.17,96.82,150.01,7.35,20.14
42644.39,22.62,1944.40,4.05,15.50
68561.90,1.57,9800.65,16.31,44.24
62542.13,32.59,8686.13,1.86,45.20
77260.03,50.25,2738.40,2.26,31.32
41116.17,2.84,9641.11,6.65,80.99
73852.57,55.92,3740.35,1.90,43.68
66198.03,87.43,3046.10,19.92,40.45
41445.48,70.47,1612.80,14.13,70.88
57299.93,62.30,9025.95,10.87,56.90
37314.20,95.60,9871.23,16.30,-28.78
72464.00,95.83,3341.37,13.59,30.66
26745.64,82.43,7063.96,4.29,21.92
32746.06,60.77,3419.50,5.17,9.00
30982.00,48.78,1139.41,17.49,73.51
44181.56,1.33,3987.65,7.40,10.96
64713.98,60.63,5560.54,9.51,21.36
51614.45,98.91,1317.87,8.43,6.09
49260.58,81.81,8200.90,1.99,74.59
20032.76,34.06,5023.89,14.39,49.21
45524.10,15.20,2420.39,11.26,-33.10
23813.23,78.41,5968.32,13.85,59.92
32495.20,74.39,7953.27,6.29,80.54
75943.64,96.70,3343.48,8.73,-3.61
32923.89,87.48,7044.62,4.66,3.40
71500.26,55.57,4335.81,8.97,147.94
68173.60,10.13,9644.11,13.42,123.48
29548.77,48.35,7732.31,18.95,35.79
56342.72,31.37,3627.87,13.61,86.41
26939.71,51.24,275.70,10.98,137.54
63673.29,30.17,6609.45,8.91,93.81
58247.74,86.18,2058.93,3.01,2.21
68716.31,84.43,1306.60,10.06,141.96
48763.07,31.55,9324.59,3.95,10.22
74891.79,59.96,9999.49,12.06,129.59
22960.94,43.02,2771.90,14.87,60.77
37573.31,90.91,3087.51,18.98,87.05
62903.16,18.74,1733.39,6.64,144.95
45086.55,69.77,4631.08,8.54,-23.21
30377.08,97.04,8671.85,4.48,31.90
26432.64,17.53,7044.91,17.68,128.74
69040.35,20.20,8478.68,16.66,122.86
48388.58,69.37,2361.97,15.72,62.25
72937.02,77.92,7331.52,2.09,26.78
63997.35,49.05,9193.41,11.58,74.33
44583.57,60.97,2886.02,5.47,3.99
42410.66,21.27,6937.47,3.27,-26.01
50938.30,47.66,4066.51,15.85,84.76
73343.60,11.21,2973.24,5.02,81.61
64236.71,32.14,9699.27,10.52,30.56
20309.18,28.48,3551.47,11.00,45.06
61649.47,44.46,1167.71,5.05,41.45
75170.44,93.01,3947.03,10.35,169.15
62627.35,18.13,4532.02,2.00,66.10
30620.35,40.14,7546.89,1.00,114.47
49011.09,61.56,9504.15,17.73,13.37
28418.96,94.66,8188.86,8.90,64.09
41539.72,13.31,9316.32,18.24,138.72
76227.02,91.79,4803.10,10.43,94.78
75398.32,8.11,7221.23,9.19,137.22
36970.21,48.07,3159.59,6.62,-44.95
40377.86,45.46,788.91,2.55,80.73
56012.77,20.96,3718.19,6.88,62.53
77791.84,34.75,7009.36,12.56,121.04
28868.08,45.42,2818.76,15.49,77.25
35415.00,86.52,8627.92,11.28,-72.40
72413.41,95.51,7928.65,15.41,55.23
49513.53,51.89,2021.02,4.00,21.01
73937.67,87.01,3375.28,12.08,86.55
31131.07,60.82,8270.50,17.77,-60.90
51960.12,34.91,2514.98,5.14,2.43
39576.18,19.42,3382.86,5.33,94.67
38992.55,41.31,3496.36,15.22,52.84
46812.62,52.28,8030.32,16.43,-2.59
45984.65,4.44,466.60,5.71,38.32
41440.81,14.58,830.49,7.30,101.35
74898.25,60.02,5826.67,13.00,-12.08
63904.65,22.50,4031.41,8.57,58.33
63652.82,83.73,6365.56,12.86,57.17
37394.81,32.69,2737.97,10.43,51.74
54662.57,10.48,9104.87,15.70,84.85
66750.77,8.35,7633.32,17.07,167.27
67735.42,93.71,770.69,17.41,100.42
40671.83,11.80,7860.66,12.62,16.30
66252.37,14.09,9698.87,12.64,134.15
64153.63,86.27,9430.11,9.54,26.22
28490.39,25.43,7381.29,1.52,55.30
71956.73,66.60,1323.58,6.68,155.53
46479.29,81.67,5803.16,2.21,105.35
49184.63,60.72,2913.90,9.32,94.74
46902.15,95.75,9705.11,17.14,-59.67
54070.76,70.89,7203.11,12.34,54.02
57270.15,11.28,6146.58,13.84,32.90
49890.77,55.84,6981.37,4.57,121.13
72007.31,71.82,4435.99,5.98,119.04
57664.09,80.20,3790.09,4.10,75.72
44085.68,2.63,9364.42,17.01,88.81
45001.51,71.89,3386.08,6.33,17.52
68650.32,82.57,510.22,11.68,105.36
40891.52,74.68,4068.32,3.68,50.64
32687.29,51.23,7924.37,3.36,-46.47
23562.99,45.80,6519.84,7.60,45.77
72561.61,54.94,9625.49,7.28,112.92
75112.79,70.46,1151.40,7.25,139.78
27207.21,92.29,9124.31,12.42,58.58
40068.42,61.70,3751.61,7.00,95.40
30522.32,88.78,4792.63,15.61,-51.09
26953.91,70.13,4341.97,2.72,13.28
73992.00,6.83,1252.88,7.17,71.87
23412.64,50.08,2553.18,13.71,11.93
78829.14,28.65,7448.49,12.46,79.38
25787.05,28.52,327.77,3.27,1.92
71808.24,35.59,1425.49,9.35,113.62
53990.37,31.47,349.58,6.88,9.43
42075.05,57.86,8588.14,13.01,53.33
40540.54,68.36,6211.52,3.47,49.20
65441.85,26.87,1782.29,13.74,77.64
38874.40,12.98,7710.85,9.81,-3.51
59439.13,5.88,9671.33,6.22,134.40
51039.57,57.58,9352.15,15.20,44.73
49097.94,18.61,9223.32,4.57,-17.84
74069.73,0.92,177.32,3.89,119.13
53278.70,92.78,5931.23,1.29,58.11
69611.70,53.71,2640.66,17.36,69.76
63534.41,9.24,5690.01,10.35,63.74
22313.43,84.29,3248.50,10.82,47.09
66386.60,98.32,1621.30,3.18,68.72
33012.22,44.86,4500.49,3.05,-0.66
74188.98,4.25,5001.45,7.34,8.23
22575.45,11.75,9898.68,10.81,42.75
39984.32,38.17,519.64,14.32,-30.93
25983.98,88.55,3081.44,10.49,86.97
48535.35,14.80,8533.75,16.80,5.84
69201.35,82.40,6630.99,8.17,31.72
37891.24,1.50,8284.16,1.53,-6.20
29056.09,45.74,6636.88,9.10,-34.10
39816.02,64.44,7619.41,2.62,6.19
68832.81,6.04,4979.93,7.12,59.65
28423.04,61.48,2128.29,19.72,-82.96
33641.75,94.44,8119.04,17.29,-83.62
24131.12,16.03,5721.42,5.49,-6.66
62342.60,72.96,1481.10,8.14,111.51
43713.99,60.91,8068.45,9.19,-16.31
38650.40,18.51,9590.00,15.51,39.83
63117.58,0.62,3527.02,1.64,139.65
40158.65,0.93,3005.77,1.73,-21.01
63666.28,53.21,909.57,3.23,46.75
68911.96,94.28,6678.46,12.94,36.75
33059.77,64.43,9593.72,8.88,82.66
78429.12,71.43,1446.33,17.13,106.62
29741.48,49.39,4903.08,6.40,65.62
37450.45,58.19,1072.56,10.30,167.27
30787.72,12.64,437.69,14.43,117.26
40730.34,87.68,6678.56,11.36,40.78
48803.65,76.08,8690.10,7.02,43.70
51330.55,99.82,3441.95,3.90,-16.11
71216.36,29.77,8770.08,11.27,-9.49
73366.87,22.70,1258.83,3.70,75.88
33206.23,12.52,2455.81,18.85,-26.76
57373.64,96.42,9025.91,11.26,93.64
26689.76,78.09,5134.25,4.32,-7.90
47538.19,16.63,6121.10,14.69,23.39
39340.01,55.27,476.38,2.97,-33.29
38990.04,41.38,1371.06,15.66,149.50
48955.05,15.15,652.33,9.69,91.90
63789.66,16.21,9059.51,3.52,33.29
24150.96,96.35,1434.47,1.71,36.71
72750.40,30.50,8511.76,19.87,143.90
64088.83,94.14,3575.24,6.21,22.70
30589.96,7.56,8025.92,19.09,130.92
76349.65,46.08,3713.93,10.53,29.74
50378.73,12.96,2750.07,10.56,46.51
79988.51,0.48,1027.24,2.73,2.47
31835.57,55.38,2879.00,19.06,-90.09
52094.49,11.39,4767.65,14.93,107.60
37414.88,72.20,8193.34,10.86,46.70
38250.41,69.81,4579.90,3.28,-43.44
55463.92,17.63,9717.21,4.34,-21.57
75303.14,94.17,5462.17,9.21,137.57
68315.83,72.10,346.96,7.88,65.79
63436.48,29.80,4212.14,11.60,140.01
53550.43,70.92,6920.10,2.45,90.38
75337.91,73.19,2419.49,1.77,77.01
49541.68,34.22,7016.44,10.71,56.16
72429.93,37.56,5086.60,1.54,49.68
70038.90,35.91,354.80,2.13,79.93
32830.12,61.66,7766.09,8.15,34.78
66273.53,90.04,5647.70,2.17,113.15
20730.27,17.32,916.69,8.32,17.56
39369.77,87.52,4804.62,5.59,85.55
33774.05,2.77,2944.20,4.57,84.81
50411.78,66.03,8808.85,8.69,64.45
64211.19,41.44,2920.78,3.28,3.56
25860.58,79.13,9422.70,7.64,22.84
50895.33,72.12,5506.71,9.26,-39.41
76304.72,48.01,3303.78,16.77,20.97
33718.79,64.39,8154.10,18.72,75.24
60628.47,50.18,7004.26,6.86,90.37
