Tempo,Energia,Tono,Like
165.3198017266271,0.5574764358338826,8.080560114174208,1
156.67148365229912,0.893268157920444,8.760249739084983,1
125.37055140750584,0.8992368345404144,5.281933020938471,1
125.68438144728484,0.8464951206488106,9.802661033035767,0
70.43378974251803,0.1584165485455633,3.6237885401003114,1
150.4028710138636,0.2976561476396383,7.134677405919735,0
86.5033700267213,0.0018570331154865727,5.754239079863553,1
85.52655443891118,0.6824312893260971,4.581014731463906,1
110.65807061603408,0.054969339430169684,3.6162260451280344,0
95.45550180920011,0.8286416318739652,9.427873640788983,1
174.42300890867853,0.8427785476373114,6.8279296389519075,1
103.72708362016135,0.2978633930550346,3.605489782675881,1
161.2124350125996,0.7382326155038181,2.474198877890833,1
107.43489302961768,0.004841442578013666,9.749632914232764,0
125.39465733611652,0.7551068354536659,6.884438009728739,1
177.39173100169154,0.26103674030542523,8.93501989682805,0
130.3006035213166,0.5587452244214205,9.828882999601603,0
99.86606884990705,0.35221792651956474,2.1472541893980566,0
124.41181148724563,0.7449134484519832,5.682733705141941,0
63.48781119936235,0.4957253163469516,6.242959141488808,1
62.885544152007036,0.9043967811385237,6.649707478606471,0
104.92039662589372,0.158932572521868,2.7094437900865325,0
122.13796384948267,0.8346515213307147,4.881898326190144,1
145.2524243563264,0.6290505694878142,3.47178567624563,0
165.46964626322716,0.4386807106776195,5.886023676107613,0
155.4676451035008,0.46550762836014703,4.775188229828147,1
163.36191482677447,0.33164096896169404,2.981118003410644,1
102.00797213935142,0.003708774092233802,4.708191467814443,1
79.52484219047794,0.3233893776608653,5.135072804709051,0
111.06951953364626,0.10869432929322265,4.273383513276162,0
145.41522055902874,0.14403435584403013,9.16765805129927,0
73.90194969280566,0.1771437885683752,1.6097466582304176,1
67.19961586572434,0.5456422250569288,3.9781181362321796,0
153.1882836363725,0.7247235202402481,9.751732004080173,0
101.45446583132953,0.17478234699894335,6.35200939056023,1
128.3057014473331,0.07189028971969447,1.5548851497849316,1
120.07260772778719,0.4981457791316395,8.264565330059352,1
158.5418267468776,0.010969600559550319,2.2345788606594086,0
137.47916122216367,0.3775646988832464,8.76667033696625,0
82.23577542940717,0.5446719645349881,8.400026479315034,0
118.68323342898556,0.38237849653243317,1.1918956370645364,1
143.11681405494957,0.5282935758560366,8.79750329166453,0
142.39951308068498,0.4435985546220226,7.712492974568183,0
159.94214056041477,0.8270871101066258,1.6893619098359842,0
177.27907537595064,0.7512578868188404,4.993535926810189,1
63.86397229668154,0.6322519327320025,9.865087091819731,1
88.26190970317262,0.6572750109806508,4.473833098906715,0
155.5256698274331,0.41026754286210654,6.79593088412263,0
66.54125202905684,0.4871634297988965,3.2316441860147136,0
111.88706393709339,0.8324109209685685,4.979388695420248,1
163.542394817716,0.7483056100617763,7.01201247879552,1
154.91227550201904,0.8600608267888286,5.847209638767349,0
161.70704421481219,0.5842589146146192,5.7927103242429405,0
66.9209371369305,0.10201108655086621,2.244852343952451,0
65.50716294893026,0.07044000460208111,8.835430225253624,0
127.05957369505104,0.33093978923396106,7.100280189865045,0
67.50919097830236,0.10981926012245236,1.5783571723400138,1
116.93078120819982,0.61721028478178,6.780173136497029,0
163.08016653508054,0.4081766422637323,5.673549118958924,0
116.34897298621036,0.5817030398517504,2.0410337053734255,0
97.35990279170129,0.8073671627777298,5.995035522803033,0
109.93418793288623,0.3992730104264064,3.4344109691221756,1
103.46536099046574,0.46436187520992334,1.448842126288462,0
147.0104343630716,0.1351038616321113,4.540861500727063,0
174.1854020403061,0.9993437386209486,7.103920497556222,1
131.28317075120142,0.43628642675198737,2.8556865468344155,0
145.34761463266346,0.33712680688944796,6.492763342678643,0
149.54347305938563,0.18082361432119964,6.757001321352901,0
104.79094009843658,0.504628903621382,4.406425652326483,0
114.80114009656813,0.4205316677237303,4.292302542359324,1
120.42069615611861,0.9747689150525682,4.451513768911784,0
74.57991666398051,0.4883748748397284,7.201356239481662,0
83.09707901321238,0.0002725616206442627,4.279035174456799,0
153.4749626172487,0.31654713085404074,8.631278481930156,0
164.08084501471137,0.09770837016258582,3.3036573745973654,0
120.30624367001407,0.6083754991474697,8.518927253624248,0
94.29428701216209,0.0785589792511856,2.1905469702803377,0
160.9327876186152,0.7200826976940581,6.83905746281659,1
107.6065571515511,0.627314640931618,7.53381422182989,0
72.55786608828119,0.04338822314978685,3.0205230074398006,0
96.22641246472686,0.2730640184034532,9.461211209460648,1
81.04968313881068,0.3708190924366471,9.773235905030054,0
178.86886325732866,0.3208156270050557,6.783751151404042,1
102.51147796304484,0.6059090196180477,8.975187538329882,0
61.46612846724226,0.12348552303449234,9.473356450943278,0
131.87187872171825,0.27697430540683876,1.102664356327399,0
144.52581777280875,0.8361639790231628,3.2133424429313946,1
165.85703604444942,0.8060902237974255,4.554269800602341,0
73.06812700156475,0.6081365835202692,2.236413955518448,0
78.8235551446447,0.09147223113795144,6.285986446438217,1
158.21874601203984,0.8777834065287019,2.895153183619316,1
98.71486815649848,0.030958128863847745,5.886184487317832,1
61.22801953393463,0.9072311140792868,5.7218294878893525,1
62.345168522764254,0.019023389850395866,4.0819107687865746,1
113.46555520792317,0.5734058901650176,3.7007300526834697,1
64.6842261893344,0.5311568051413768,3.8251068496803438,1
91.71463824444645,0.9361818399033691,8.782856041097599,1
123.94019505219654,0.2992522997821405,4.633217732303309,0
173.03532303746826,0.9882011184617441,5.761125781406663,1
156.95844394448625,0.5400475019058376,2.524392039412093,1
119.65725310830123,0.31159556162373214,8.209119020528039,1
147.76633686571927,0.44537613489876515,8.725298290009977,0
152.12182848142047,0.9611451705170316,2.252483040381118,0
100.69353874835147,0.7990228699171332,5.525510503677152,0
129.14852317693195,0.2908073487485704,9.070012800669105,1
132.894594445459,0.8398680821133198,2.732623158920007,1
82.32302301194238,0.860335561652929,7.9798270930969135,1
124.6163992608345,0.7827922020313125,3.1011848788306837,0
70.4645707214886,0.9362556658051175,3.4017916530905525,0
127.89030429285805,0.23246859812041665,1.697390256689299,0
66.92922722480873,0.24672035976675055,5.257418271390411,1
97.21979851991591,0.002642076442809116,3.9691485702413836,0
163.96300079241814,0.4063022252053665,1.9191223888258373,0
138.58176778892727,0.8810074931567797,5.351805539581595,1
145.24106203422508,0.04599670177637627,1.012409673616693,0
163.98679063257572,0.06927099904418144,2.606627948960454,0
113.10248509085693,0.6748439514336253,3.5362458423840253,0
161.1112475954366,0.3209507823328377,8.726411650678443,0
163.04818427364427,0.7208577158809432,5.98024665573045,1
174.38233715931509,0.034552470654802714,3.3358872071889705,0
127.14012287011177,0.07721419812050312,9.547307361444014,1
143.90734528838465,0.5595139909997978,7.748640851872211,0
89.40415311654615,0.274131359843774,3.016087234430701,0
142.49589667756123,0.03233461071255994,1.7024958883116081,0
121.61615812382094,0.2570118544592118,3.4057635285210996,0
114.16244782316363,0.6600083140272358,1.7485370559004068,1
93.17402254585033,0.33556139144902786,3.894100042146962,1
84.25921104376798,0.298580719641265,9.08316843401942,1
129.45665634597984,0.796534708416708,6.89991263113067,1
158.41036117531897,0.7696620691268395,9.30584224920391,0
79.83545628446319,0.817555305957261,2.599067859627379,1
121.30175428562188,0.198513805975838,4.8649153101454035,0
171.90630435250165,0.7010957682947757,9.101852547879345,0
73.51587999095742,0.9030509869904619,4.8846940551597955,1
86.5850048402772,0.02142235417267624,5.511142075179516,0
71.35239706777689,0.06804617048070216,5.468040537500525,0
74.30005077045632,0.28416166390867625,7.993116841652169,0
67.38135632596826,0.762594456956193,2.3459714488543013,1
114.11855607806498,0.9361810459149792,6.130940624953049,1
159.97876110114217,0.8385114249081749,7.72012209957907,0
178.01963149275542,0.6310457497924122,1.334605540054429,0
105.76597863976815,0.021430552153462235,9.96215033708901,0
132.0494717746793,0.0017582112356721025,9.034562943387067,1
105.94872997008157,0.38670980838605395,8.053014196395777,0
96.39955492983356,0.033889941597159745,5.088428610078498,0
66.68058788073199,0.5027324100534923,3.6707689082948334,1
118.74074159600747,0.6208768658993117,7.310497839075214,1
114.96958186989156,0.008746840186644511,9.296771910296771,1
71.91733027085505,0.3419385964064361,3.2349947589992563,1
93.35256665558667,0.6021577711211065,7.701041458106313,1
163.65147580016074,0.9289621428494066,8.01135181415507,0
114.73192777972821,0.4892792484355786,2.470070899715375,0
138.8401253404822,0.7252090170467952,5.646778806901495,0
111.62336335564939,0.4510362241438717,6.617193743660575,1
162.76446499906433,0.8644299412094064,9.695699969006178,1
132.08453417040525,0.43907764349987277,1.5508145020249273,0
156.12721875815797,0.3450161386798978,7.695438497352295,1
103.87978146594753,0.36608508762989866,6.045912930785815,1
85.7752535227271,0.6156972718403845,7.690568588816933,1
143.02948465061309,0.22174943645240708,1.276449679792429,0
86.01130024978326,0.3466698971296154,7.521886824201348,0
135.90412369887986,0.47621812580722667,9.903762396463918,1
141.19381786171473,0.06389229177946587,2.3391694274722727,0
101.78094551263226,0.11275347462158969,5.072694508313134,0
99.12482331852601,0.941327139395606,6.310422090413266,1
101.9726220861177,0.49551099546296395,6.692525788794121,1
117.24066701431961,0.172585336183687,2.549632389092125,1
153.11871018947156,0.4241370308046841,4.504003664350929,1
173.3049922354824,0.8596601258168982,6.76578299829459,0
143.323961430942,0.9636658493336638,9.834457196197803,0
115.21205186345382,0.0821562188170526,3.61930660530662,1
70.91498844643101,0.3949762275067251,8.290160473661082,0
131.40704638864833,0.9032213911807359,3.8842313950428835,1
94.97184667733382,0.7591886700143414,1.9638432287357102,1
118.4682105060295,0.4787302511513082,7.57191125734414,0
112.19640542351512,0.7865601753313102,2.135584256143553,0
128.62580378654832,0.5984254097464822,6.352289782615908,0
138.625974164517,0.6440033645763166,8.321170524604,1
83.33754759805345,0.7926570670347681,6.6361541009511695,0
117.26091467207529,0.21586865414776724,1.4136698299210073,0
139.94720506454814,0.36420469841484293,9.59813900570066,1
82.49340831952262,0.34365170230010056,2.653706723524218,1
122.88787603864643,0.7834794715943949,9.448000379987656,0
69.8659023581628,0.7851115797662155,7.705247993830495,0
69.56326822939452,0.2957483917586615,6.302471021349113,0
75.37670999910677,0.7310829132825114,4.733265492635861,0
81.46381087845509,0.8083791242068912,4.00906142753762,1
116.31371230182106,0.6071332796476092,8.640925616761796,1
177.10945653179067,0.6342268826830729,3.443108129531765,0
93.1196161493302,0.09213120469116542,1.7001989254929375,1
84.78250123620441,0.46382091880215626,9.119917828551962,1
118.08649178582598,0.744377248478936,1.6814208311515242,1
171.57000887928973,0.26880773089983934,9.059386480492272,1
88.83715338257574,0.38936225594629625,1.809155993001791,1
159.30375488471074,0.1259353383910088,1.1526394396437654,1
94.2421531150738,0.9092125110129851,2.7252504353125224,1
66.54742744808358,0.8122172350973061,8.726738000037487,0
72.77354575524282,0.17874870519643327,9.848917385960863,0
101.68303636474076,0.4900966385896933,4.596538500347727,1
157.78057591741702,0.1486738408041549,7.352004555004366,0
65.83436109584552,0.010906300228147758,5.5398642080370974,1
89.23401263705698,0.31287989903976765,7.450336153757041,1
173.08589446883786,0.3686974588137344,1.2763156404703724,0
140.20077635153604,0.45105572711670505,3.0806451740484344,1
109.66575336823703,0.6430371492460691,8.332246283842398,1
164.47623108296307,0.537847960009513,3.1812299827679444,0
143.33519219752122,0.049723373796678905,5.368670317258104,1
78.35409261787194,0.3572652615007086,9.304602658142825,1
114.5474421188662,0.4677179556643378,7.086871126910491,1
134.50598791513573,0.5707792666654528,2.9417146976603585,1
73.02859448565331,0.8432804065673745,3.033441800255795,0
102.17544479340317,0.43987601976666824,2.666578901436557,0
120.44158110261625,0.9929772554487909,3.0739803463512594,0
96.32269695370742,0.35636030961398024,8.22440573850837,0
159.19207436241786,0.4503886720042769,1.6679672704122357,1
61.79598260312413,0.7032746148202839,7.680656019064417,0
154.81674781306836,0.4962382950417009,5.259044758127716,0
102.20802960207844,0.5775243025546858,4.862913505482089,1
122.30303526722737,0.15939362305462246,3.6639881427411325,1
163.51181565104008,0.31441993332788276,9.949601740473463,1
69.66898994949818,0.9629898962024677,9.418033274387003,0
155.9280196099425,0.5837780895955913,6.863255605600324,0
115.79904929462407,0.7989401607711597,9.200925098529932,0
128.86485066994683,0.7988315891139873,8.72197960996935,1
116.02350176954187,0.3193534461959242,9.151528026018596,1
88.40704905645622,0.38039482325704754,4.992501757247025,0
82.66650193496842,0.05659892159940949,6.025550110273176,0
130.91446815506947,0.05377758298661439,2.283992927750952,1
97.05166060031297,0.14873004333154927,4.467032856750491,0
143.6201101726012,0.9302071660008123,7.957164382483661,1
130.28881966682593,0.4258255014375657,2.551814350735248,1
92.37950704766718,0.29592481447470875,5.0080450170519475,0
71.26344449554617,0.7800358871990429,4.444135500032653,1
179.40648442663084,0.9540524650066247,5.0936970634586896,1
179.98534666337622,0.44637828851725025,4.284589288660067,1
62.03621193295668,0.7970815691970042,6.237417660111666,0
162.87150221553145,0.36619047325780585,8.396921698292395,1
115.00184305155793,0.6546850778307977,1.6555236484510252,0
68.91381452800314,0.36695941466870097,3.0059969102855,0
159.0407213821614,0.4162464340591425,4.315297652232584,0
104.61242464999745,0.7488546601103214,1.423419095118868,0
90.74409678305159,0.3432520159936282,4.405784098507481,0
161.14690070819955,0.5381440180963813,5.780608367373671,1
159.19641659786325,0.7821740629811124,2.26658820913114,0
63.36168952234896,0.2787442746509319,8.410644263872577,1
69.0254104898957,0.6819233229949305,5.36304582672372,0
89.82870305657295,0.07035005563005414,6.301258521620959,0
163.32042215540275,0.5965757004748018,3.047586096402155,1
160.3171771344168,0.8748213744531907,5.470843083988401,1
119.84615731995231,0.4566053899811071,8.985096414971181,1
69.43042930006314,0.7453306322011072,9.80961411068288,0
108.35860257006905,0.9602774144894893,2.9888274307153937,0
120.50315869604702,0.7320278201886199,8.542352386527092,1
137.5096044505581,0.9516804959769148,7.475495858424169,0
97.77609228609855,0.864415046385849,7.055896629964282,1
177.2641443458424,0.5527435689937309,1.8546235338490467,0
65.29928762278496,0.8142825488335386,6.676975037048595,1
91.84484056005093,0.7713993395632289,2.1685585096432076,0
81.75626692628069,0.4612613976860458,7.271977322750327,1
61.380019889396976,0.8847321265036413,9.487078147685569,1
173.5118016932566,0.46817787997796634,5.714549615545529,1
121.0496179631945,0.14722649476706684,4.465386148129889,0
99.88580614694663,0.2982692091482997,8.111051713765338,0
118.69355130526557,0.26088961956937273,3.8266347292309195,1
157.3994821624761,0.5365930077471434,1.8969779964910751,1
130.76260986346898,0.5049381426305838,5.32373205604413,1
81.77830678882174,0.6407700667279751,9.594483956780802,0
154.1242004312491,0.3221513214875368,6.208072134201372,0
111.90810112526788,0.40456970408973814,1.2728439418097555,1
119.7085044170905,0.1683170462835445,7.169372409175934,0
170.34616422236905,0.2835313404868087,5.928493055445288,1
172.8613965013169,0.3154347803278089,4.102252007772545,0
84.59562842014729,0.8963260625331857,9.728684246423622,0
74.54072101099355,0.5909835824389467,8.595141550551574,0
79.33305740763234,0.037785850797881326,5.409318213309242,0
153.47975417520917,0.6517180022802016,9.621617290362728,1
162.1993469113593,0.22921338925789725,5.991003004169682,0
66.71967932285736,0.9638859956787824,4.154289550607851,0
142.28110303720206,0.42731300758129065,4.178184861893133,0
160.44054229298675,0.4696793208575647,9.927113925914236,0
127.24310044074477,0.9745912719512214,1.4004675774179818,0
154.2578386643014,0.9887346763314964,2.142273580469629,1
162.7554014978288,0.012061739690952145,5.4679563584321755,1
78.22985059080827,0.1274155559090333,2.569467922996451,0
142.46116995272067,0.04152686204748779,5.537346037581123,1
115.61300394596407,0.04957836186844178,9.6898875480443,0
161.56869973637103,0.9384654983218232,1.0451404626200453,1
137.98838033938637,0.8368955484001179,2.3742354455555037,0
87.52329028191667,0.7734494249682483,2.577705131992791,0
109.41175257279747,0.5148147943666904,9.700854337189586,0
147.41860838588235,0.3487137623055323,7.346306586357516,0
168.94160162763376,0.5913197419794288,1.2099529410031955,1
83.21455288419284,0.07119229853380493,6.985456230326953,1
90.89607118308105,0.21653860099620414,2.272645714497801,0
118.38644770032809,0.2521434569072125,6.784098480682324,0
116.50423919930765,0.2676267349986682,4.620568826819828,0
151.4621747915183,0.6933564643316911,8.647515072253833,1
113.47819856276533,0.09852810392660127,6.954287769592472,0
160.87467997122587,0.7077649032312358,8.154760974048838,0
149.79473990168333,0.8075652976910952,3.098558394413984,0
155.22111057117934,0.34182055990031524,3.6622715488096245,1
74.6913117804278,0.03172604716802496,9.029180005619681,0
141.1887597420693,0.8588314661291441,9.522932393850303,0
80.84526773624044,0.6079747642160108,7.438794214852662,1
154.97929579896373,0.268622402889898,3.0862474631069405,0
117.3488344962361,0.0017897125906206623,2.053638607171195,0
77.5628767549645,0.7398063351436883,2.3487986126830718,0
130.92816715123445,0.025892338972798967,4.734753034075734,0
100.25520645607526,0.5685440775906949,9.6009355939935,0
99.77305821785465,0.06071224827269606,2.1492426254420676,0
117.35759868833219,0.6826842172397393,5.798662069787462,1
107.96689635948022,0.4910552183972655,6.936659813982665,0
165.0747133032492,0.5429693242394205,1.1184364986064974,1
179.80341798786066,0.13620951403830295,8.386186473679171,1
154.6660880949286,0.14835033201886882,8.421021586807875,1
137.04461539659937,0.5852099974064289,2.750717600288438,1
170.18018042936882,0.5022106494180759,4.861901159612381,1
73.46066289239342,0.4941634220807194,8.42898200468736,0
64.7133098937706,0.8562675765034855,9.574424267534809,0
98.94287570689342,0.48262158469404315,2.5569581230694403,0
81.89233507156995,0.48533024439249806,8.047076646937132,1
125.46852187441974,0.807460582701022,5.935775511848107,1
153.54282256518735,0.18380509035563497,4.501111204514807,1
127.92425576196317,0.027645806916683724,8.829796672839496,1
140.88066413965893,0.9760127174064966,1.6442482270207255,0
110.78578264883183,0.21998607036887485,7.952533180761448,1
143.57682888205733,0.1349083850235796,8.477157066390038,1
111.89887966632969,0.7441361903413171,8.761367492673092,0
94.49992616957604,0.7732001940823396,4.808973944175278,1
107.73117609692547,0.32502991576278284,8.862756359248468,1
68.5016207102734,0.676427770043794,7.203709327725792,0
170.1587586439408,0.9031238488099641,3.880384495217952,0
162.44209577568307,0.05316287711537315,2.3474859059473356,0
146.8378263394876,0.407432363762393,2.053569430757274,1
97.54936466574122,0.7314307152832203,3.9936298231415277,0
107.63943252498595,0.3947473121219848,7.0074516883596765,0
170.0415501138509,0.2505113597597508,7.974204527308702,0
127.81071711257557,0.2525813883441158,3.155969688103103,0
91.17344073577574,0.3332830642388176,5.36770846103363,1
92.8998771893566,0.8280409575464694,1.5866594862928476,0
77.75362823469773,0.03170910158962559,2.500478852557509,0
92.66349947530558,0.818953825465473,6.861605415624483,1
60.41728818661586,0.8077129431591539,1.1445999377074219,0
72.63411748379077,0.2586330204425006,3.526683869249294,1
140.45385714440513,0.07385429506705798,7.689523747192524,0
148.81167760902395,0.22470471023652294,2.0847977115631195,0
130.88158525561067,0.30773431785965766,9.304778514021313,0
144.75606226876965,0.5306067934206945,1.350607060916838,0
177.8509323897996,0.9980108067511827,6.965384461653608,0
171.37745695931767,0.7463933435531445,1.5742769317547294,0
124.30244737101046,0.6218780261381103,9.540955381860737,0
120.96529707936341,0.7204712750860605,8.454121071240266,0
68.7898050977841,0.4859366173307309,9.592097966916347,0
168.70248149468296,0.8501634608321593,9.230520107471582,1
132.46294968738056,0.01837698066912552,8.246468226377855,0
130.53091973436815,0.29498685204743946,8.585597165227487,1
151.58006533950243,0.5099362283438493,2.241409198191403,1
73.31076346615622,0.26763206992546595,2.323438316724462,1
135.6122234172956,0.4347327676750572,4.92961123268087,0
135.96367942989792,0.9388938882908984,3.1984122341940244,0
61.03478160488333,0.0014325625579098,1.7752001768329249,1
73.83197116404533,0.39639614682828783,3.7340545544702897,1
61.23065360497742,0.8812823973432624,8.537250646160508,0
140.6574324098313,0.19620943586569473,6.136816771954602,1
89.65663572528034,0.5949195309492514,1.0673315560469687,0
159.57156631717572,0.72426700266901,9.295929315854082,1
74.57608823326447,0.2582849585585065,6.139566695095837,0
102.32261871145452,0.15799773769198855,8.149628427493028,1
173.0959600635867,0.9419996360938236,3.9936748785651166,1
124.92353763970794,0.3321054564144903,2.066369345128819,0
153.09131861399447,0.9585545650682786,9.383713774694737,0
102.40500027480533,0.7098930552335803,3.734617425521585,1
79.66697017045064,0.8136523513547292,3.6779853442673027,0
100.7608758256371,0.26064658072634217,1.9881515554466462,1
172.4689670727286,0.5788443313128149,8.71022359386339,1
156.55489518997314,0.656038451665621,3.888236342430661,1
130.91125283632994,0.4045312900073694,2.710180089830289,1
159.5700066149123,0.9052564840806222,4.054532692195739,1
124.74429347992425,0.6567193658480489,9.895975546265893,1
63.3286218621031,0.17844195073361868,1.1512949257717124,1
169.9864971219016,0.11563332229748147,2.8535004675408744,1
136.9010890116018,0.9982451783133512,2.978975206067545,0
75.37405957052547,0.6694166691495116,4.6070570333339385,0
134.30756525900412,0.4677074587112463,3.5894027042197783,0
90.92772691851127,0.252120210192354,6.427850974230774,1
105.96084774413325,0.8065493625028929,9.084698232164742,1
159.2184373167815,0.6756845169143035,8.844257477677386,0
70.25874163224479,0.8279052127579799,6.0233209443766835,1
118.59143897837893,0.3718381847663278,8.88205769119617,1
145.59206832979962,0.7965483313988723,9.038755298217131,0
78.63535168909189,0.111888403263816,5.7769165575113375,1
130.27548185122077,0.755174236719217,3.331461855156951,0
110.6122689424157,0.7974971790375236,4.371609757356501,0
177.11080708114312,0.6221874450469744,2.3304970175721906,0
153.39936644203658,0.3583384492984628,1.8728215580135736,0
98.01533238515438,0.9400796680204114,3.3379449277803963,0
87.88860946163108,0.08850199717021279,6.494340416643249,0
82.77326937905087,0.019005289434656847,7.327549922689626,1
107.21764939406967,0.36258386910562057,4.691447711848845,0
166.69665247570242,0.4959014401782552,2.9496812077497423,1
66.21924811193972,0.511602579901409,3.8941532328007455,1
141.58004105320623,0.7811835714864562,1.1348831941789197,0
136.85760334658428,0.9356106344758243,8.794916194061367,1
136.03864671053987,0.4456073851592435,5.504728671373825,1
117.39971536643063,0.2966370481391536,8.803786698734836,1
145.12777579672166,0.9382715106495552,3.7376464553120003,0
161.68395111980993,0.9483948720754053,7.525508889309904,0
112.9341972399237,0.5904222364467868,7.158143868439251,0
96.98900749997385,0.3149947664027676,6.3390728659665285,0
155.73354219025796,0.1772632359884163,6.564384010245442,1
145.60506291820053,0.5803619967478968,6.085015957393568,0
162.8022164656868,0.46806646486540693,5.155847285935765,1
116.30208615019262,0.21076691259770963,1.0220983590269785,1
136.66821423704275,0.09579024340282649,4.946314064601616,0
108.29813319545842,0.9616719782838602,5.17809507693779,0
178.18783731568158,0.40474718335442206,7.0414185758289545,1
174.58563061155252,0.9748143348244054,6.7946299895876905,0
98.64655457416623,0.24143219489794476,3.9225958940956125,0
63.19033947557044,0.7431253137180346,4.998959513861466,1
100.86624243169686,0.5300939071010993,6.5537677780467,0
169.90375488979117,0.5385215671455134,6.142748196204347,1
114.73853354354804,0.2848620308368507,2.390737252097084,1
108.90448504336864,0.7214146840834095,6.4118791172074205,1
104.60668380938702,0.6257838476328753,4.312965749067144,0
79.26335037099508,0.4074863558568791,4.201872072433388,0
177.59934753446328,0.2959866631323126,4.5010504517882595,0
159.26749634079528,0.03551915831728869,4.705175074876097,0
149.71358826932314,0.6591741451148154,2.5829445883928503,1
64.26135166634553,0.9796930378067525,7.496327383990028,0
163.2731116343146,0.2587795606354465,9.4317592766857,1
161.93859418245233,0.09785074202917321,5.311368405294465,1
159.29193460453575,0.9799581646771109,6.702044737460979,0
169.1794987543123,0.3068314866895868,1.5744454420709222,1
178.58833723438823,0.8390045878488999,2.500967373028846,0
155.54790830475264,0.25717920209374734,8.17002724229704,0
147.27352211068467,0.3189058916778398,9.662506538980233,1
88.85516595543362,0.6273478260234112,5.241763259430181,1
94.6924411683517,0.7647037505913299,3.0087449233463577,1
108.3580339171111,0.4083976289364427,1.3606044230560146,0
62.40433229599458,0.5296762561351206,9.576524642445175,1
166.0891906261283,0.8935441813946128,7.903252319351754,0
89.67905763685124,0.38879521879158274,8.740417290592397,0
172.7708955201366,0.13406727473491753,3.0190463976882986,0
93.22431016177248,0.6751058057624633,3.6389880969790864,1
106.65620318906261,0.8932027212452821,3.9670835707222096,0
69.75262038128884,0.11599285325258857,2.1185668568179343,0
64.78173008967832,0.12335088704090602,3.120575189585675,1
173.31639436277993,0.74355115907247,8.24950311751631,1
116.98727387801989,0.21623032572928624,8.906736598537961,0
128.1656340445967,0.7153819504118971,7.519365792364237,1
163.10617287647773,0.2619536460167944,9.424802220667493,0
113.67513373849994,0.12375734677072614,5.12407762520202,0
147.0229553114164,0.857492082412976,5.087016839476053,0
117.57905992897483,0.5928327316658176,3.7058982819331785,1
83.15805344196757,0.12591191359703968,9.276399403442044,0
62.351275050280876,0.9636932579952359,3.345129312464609,1
94.20762276263025,0.5288845509617758,7.718659106319334,1
113.38244129137357,0.39519588978920606,5.223706619928341,0
74.51613360803371,0.9945928889650237,6.040902225476884,1
115.54913908189889,0.9961466547909933,7.773852298623182,0
106.7253019621487,0.22097586626496968,5.541176175072021,0
105.49412022549117,0.6258963137129194,8.547876316989907,1
84.1509930626276,0.019126230212218154,4.147085588007284,0
137.9735732003622,0.19643741197001097,8.38141533736076,1
108.90079213608038,0.5462511800645063,8.447572747589765,0
142.763668640988,0.11788325413862688,9.27586887260387,0
116.53578390010125,0.15686467178761876,3.11661945498925,1
73.24106599804938,0.5652149455755745,8.345641763762774,1
81.49794333866805,0.4961087457486687,2.393245475704765,0
85.870686460472,0.19753275270688375,3.224928212581874,0
114.45185926070221,0.9470103472781579,4.929584283495394,0
150.36148558786044,0.23925405100311037,7.980358928669833,0
147.8701894700347,0.032873019711922136,4.590899552349533,1
110.78950920195055,0.43139658914417534,6.4934289065161,1
145.90178586784646,0.4754332254753322,7.891427970010387,0
139.69227105370965,0.8622419368904004,1.9706748659957056,1
92.32357374391374,0.6875708300159261,1.9815847148621724,0
65.88197776540395,0.6000029983170126,6.546356706255683,0
62.08383752382476,0.5240196869285956,8.807888744827338,1
151.30942411505418,0.6405490431866969,2.5702193018095825,1
67.79122714000111,0.15235597069064932,6.288607953568395,0
140.48507201567094,0.6647659480236592,9.913615771501124,1
159.90642778561605,0.2556038373819234,2.41087567470033,1
124.4620622688306,0.3862217459953562,4.374183728495932,1
122.25725999874902,0.8584142781964592,3.772693078607325,1
168.0343384717208,0.6824828116032706,5.4985127484508425,0
169.43200948131965,0.23451263046094883,7.745902159700557,0
126.25591331410753,0.4624557324194547,4.775426730499121,0
152.90707471141988,0.8703224778620856,6.872728112072582,0
129.77311068086675,0.9039890424324157,7.467584138292969,1
132.3461662884519,0.3782211168625369,7.025344739203353,0
166.14178173795563,0.9774669933630228,7.189347237489572,1
66.292931802191,0.27869026140126296,7.133866001151178,1
153.85053694717078,0.541161203867424,2.683547610544018,0
73.1375597731212,0.7369402248965177,3.887762790949752,0
72.89189260117628,0.006053259235298758,6.284317071107614,1
103.81102002474488,0.8185439149428727,1.259646912380876,0
170.28466243047345,0.07133779896445636,9.579317583391974,1
179.90358576268846,0.4942527339945372,3.6865747687224553,1
76.70296977563697,0.11875047412020778,2.5422431623945707,0
114.27169544099155,0.17043951822412107,4.753989909598285,1
79.73045866654205,0.660579295655852,4.170715259842403,0
97.6040532555576,0.8696214505502352,7.1615788604762765,1
108.15819599915616,0.30553362247075033,7.494851696183085,1
141.9541749055578,0.32958720479830506,3.11653874662844,0
170.7276612266904,0.0987385755036394,9.843433734102835,1
66.34493417788488,0.6644990662908561,3.800326823032546,1
61.820815796260334,0.8930117300786401,1.910542678293612,1
174.62029311289933,0.1016058012437484,7.461906961379024,1
177.0110014676689,0.11576854500045552,7.2098646807249995,0
126.85629729610676,0.7627011750053073,2.23428216676633,0
119.88980981462817,0.694822744377882,7.363360220194287,0
175.37397002517096,0.5786765459537555,8.549662676584973,1
148.2314960717585,0.36136107291334796,5.250753970988289,1
160.98939580514997,0.8339849935283538,9.000346942636357,1
167.9678253601951,0.3236527086505848,8.451621680970394,1
173.11043768380412,0.5560748336610113,5.028188047990038,1
93.97666584186808,0.21791758871287947,4.153461041573619,1
81.25966234073638,0.5332381210044372,3.298944619291834,0
100.42562307189269,0.8603446054884154,9.509901605364849,1
66.95484402178833,0.9809573562642991,9.178737601335332,1
157.27745808660524,0.927117413851283,9.910963844572052,1
153.723779430994,0.34746052141358286,6.781160343007101,0
147.47095905751434,0.7590387816349361,5.253886508466722,0
163.62201878372957,0.6105713330401337,8.20053997492433,0
120.51701131311683,0.24216755079457597,6.923871212044846,1
86.06830819634429,0.7014911230640061,8.875521503925167,1
178.85702763899664,0.4052646565327602,5.452587260408148,0
78.16970336722133,0.5496272734756579,4.609926450363863,0
91.24539173597555,0.518152906666145,4.943252670669831,0
128.7155435856729,0.7778083305038557,9.579133429773048,1
175.04370222804437,0.5410056529191346,2.2490270552056666,1
66.7979184963034,0.11419353245182595,8.74975343333551,0
63.5408089661411,0.4901364251970811,2.943598971636707,0
106.660067604872,0.6646769964121254,3.0458539713023063,1
94.72370125520992,0.21119649858058176,8.822039564914895,1
166.97026114908618,0.7158736435067404,4.5846085995129595,0
116.91642024432537,0.8997103614386709,3.4926408183524646,0
176.0293186568665,0.3660149862402482,8.914025758923763,0
74.96155884585393,0.07405599853392164,6.922759670744847,0
101.89135416957957,0.5071822774307219,9.044823931778701,0
135.9152352700446,0.10255344070546624,2.7502360384870808,0
92.07198562964324,0.2471984851143031,1.4342337034906072,0
67.09903251443197,0.2751643934772354,7.833165307368889,1
100.1770953203882,0.7327407836779213,3.172202458728371,1
129.16433642483764,0.0015772303173282598,3.160143217789183,1
123.51998702052614,0.08582401024181463,5.928112489436355,0
129.35506508979913,0.803696150705869,8.662516857550738,0
127.07158620938505,0.3859951183821737,6.919717279889879,0
88.11315284881579,0.43801765062127274,8.569759079534915,1
71.02415305483485,0.6585251084032049,1.9064531586272437,0
121.63221628454417,0.14031688749873905,9.781918123568577,0
167.98720879055352,0.9049696031810011,2.3007722361009177,0
91.35059177422178,0.45102647739798374,7.779295524915872,1
139.37956440573873,0.2800874574137645,4.069420224908064,0
175.41741963303326,0.053611981689930976,4.639463892366065,1
99.99835407850517,0.6386958055267649,8.299408690242037,0
150.9836894512061,0.46567062360078537,4.37843744936381,1
67.48790967200095,0.21768790489906142,7.968860899115572,1
91.24920699492966,0.5615812381755596,2.0511308056270865,1
88.92648000321509,0.46568626639460786,5.0804659348754075,0
137.47443665873053,0.3123316188502885,1.9354195601602984,1
124.40263825195582,0.4289591444200078,6.160269617114173,1
147.55733268015297,0.396245314132716,7.452700251345619,0
62.330878588127035,0.8986057136098337,4.244520135998528,0
78.02034039608034,0.05631380575021172,3.509070150155994,0
110.42858676326449,0.5217415023273695,9.598896725050837,1
76.35653594977217,0.16986924595794684,4.807715668344928,1
178.67007871726338,0.1157560914252449,1.6977925640395057,0
154.07654350728288,0.8079159317788073,6.76895311940445,1
174.80324071248822,0.8757516707908934,9.45041605206141,1
73.18318875906076,0.10723631645622467,8.681785679146143,1
77.62577555432804,0.9962385415721307,9.290074589847682,0
141.62358195970728,0.045534947131062764,4.547635106098053,0
66.07525043921073,0.2597833767613117,5.010009508665243,0
132.54350568725013,0.49398561395040275,1.025020239941179,0
91.44610553765112,0.33650820438429874,4.1979710121932055,1
91.73066790837036,0.0658627845842592,5.840196758467047,0
77.8674602323907,0.39471345567402694,9.63516817324928,1
75.76981558336391,0.9920439827002935,3.4117948036177084,0
166.13695495819184,0.1386040531055217,6.862835651697173,0
100.84873891310241,0.3861044046500305,2.2902025908790353,0
178.50501013094805,0.7575866912659138,6.003001182742816,0
142.9809913708196,0.4571212451058154,7.440354592672174,0
128.8717333060497,0.7212401329600782,9.209809215835303,1
178.93322327751406,0.7686612738292459,6.217351172194677,0
172.45293632605342,0.16037011153737568,4.191371041444054,1
151.88022008479234,0.48154662863216446,3.484009218245956,1
139.88123612529378,0.17642909145953567,1.1893378158685977,1
152.9864759040559,0.1295851042963302,3.8816259151414947,0
127.80688529217969,0.39904214505451274,2.5391806757483097,0
106.31799008387945,0.4805915006114211,1.6796244483797516,0
80.91820509058823,0.7964368951879758,9.810529691593612,0
84.98908608795054,0.027149599682844028,9.226220021301721,1
149.82644453004127,0.17337588700924533,5.632286397319853,1
120.3294153537467,0.9071587775815889,1.8953151124308047,0
110.69316043762498,0.763422644281109,9.442273489908152,1
152.77368033859045,0.8911999125585532,8.279079181706107,0
166.0618299120652,0.620506618358773,1.281050083179439,0
144.3614468856946,0.8082878736103323,6.2222649955284295,1
67.34561065234729,0.3739554486465556,3.409172392129391,1
78.40790237694603,0.014011375655861191,3.635513930691574,1
81.19925741193131,0.6144018590020326,9.086240520145157,0
64.15661467143848,0.9788366176358989,2.854195720190639,1
119.99756212411236,0.22482285589074458,9.38941068890662,0
136.34009429637425,0.9776295039661477,4.35976498785184,0
133.59673420123454,0.9580806806478774,6.406102449935922,1
105.93865159296898,0.09687952686322876,6.5833449126994825,1
102.34165574031434,0.42429417652118473,6.615746756913166,1
114.27765999557883,0.4759877493967971,2.8579269046171296,1
61.15568803853163,0.8125052254691469,7.297928676364583,1
61.271972417447714,0.5699078051358797,1.1914292766432846,1
165.32051645702938,0.8659891654034378,2.0758339604489473,1
92.99804384907047,0.7752258797678826,3.3686160377676675,0
118.97567570765708,0.36292861226909323,8.286495576283176,1
145.53818464310092,0.1291743903264081,7.2927348509361165,0
165.72966111858972,0.2914438509932312,4.255806876146378,1
116.30324069316916,0.3647865656237752,9.419027064785215,0
147.27931728505263,0.2544387551475148,1.036268887205701,0
127.52695335657198,0.015779649806707763,1.6125055018920427,0
140.1139706253888,0.6585918527388926,9.975453763852618,1
97.97897780471628,0.8413910057923538,1.0620798086031866,1
64.46714983803888,0.9514554436916376,9.824592572486509,1
137.6141373768941,0.35101646282717147,4.890656793430434,1
72.130014908503,0.6810514712626031,8.602856035668351,1
78.25366158052489,0.3003205238987833,9.211899920065823,0
160.24495202901494,0.3908425671988176,7.360024566778332,0
107.20324738465418,0.0064657715360765255,5.186988410432307,1
81.70656169438186,0.8235154361434684,9.109397176569297,1
87.28107451735312,0.4103566400561873,3.1925597808471844,1
102.57831557843988,0.5915153251654348,4.462651460258475,1
67.17387427981787,0.9277018914288542,3.7021814016782932,1
148.01696787846586,0.7620151574252435,6.528517685876724,0
173.44383808041133,0.24692027853882914,4.692851715627104,1
134.52330397946508,0.9290467293232606,9.445687218765848,1
107.73722539576622,0.37594698609564736,7.421821044642382,1
74.54382235828075,0.7152892739425984,9.397694501469275,0
154.87988746742582,0.40279523772910086,5.9131073753724595,0
115.61781842559881,0.9084109343064429,2.9132883579893747,0
158.11292092584335,0.8319180843838715,8.473273862484277,1
176.51415350445316,0.967143403253383,6.4146249781431495,1
157.81468474227523,0.522179680187819,1.719646512842067,0
158.07904836998696,0.497329367454747,8.890251319474913,0
88.7170853419812,0.36511904158699937,5.894248548676604,1
105.21254719732536,0.4504186890188785,6.362654309624479,1
71.93845871631304,0.4660094284631817,4.830466815059475,1
122.97830707340154,0.1250007100126409,7.267104711995412,0
118.54501944299773,0.4682345470240654,5.030689595265461,1
136.9010397204619,0.490979935653477,2.534141030653552,1
129.9215216686651,0.3735667567536052,3.428759431922616,1
112.16742876366914,0.9224983458727175,9.319834188098888,1
120.74052564045327,0.29970763689154367,7.031402712061573,0
177.41976197656425,0.6428296566249848,9.529166046677547,1
127.61682827443693,0.9772484448838041,2.0092054587478425,0
154.58518691011122,0.6472993904182882,5.255264659569888,0
62.95342866964583,0.29316422628037875,1.8341534779120146,1
110.7853855173446,0.9619224439732474,6.53436190225234,1
71.16037691520874,0.9571837993053329,5.818139928139837,0
159.99282652558588,0.1629783449096618,1.9857243171797134,0
123.7617972533497,0.9276726106949056,6.031934169001805,1
142.5187627412967,0.5104630637408426,5.4314148473377175,1
125.69658261623033,0.5205396318592691,1.1159624289549894,0
161.88277613300397,0.33764634364972135,1.5891813490066014,0
173.98281256376498,0.366661369869245,6.136863590243324,0
154.8531721185846,0.46209153422817895,6.069111105349115,1
77.50249275494625,0.010280862221252463,5.9741652653340385,0
155.2617494193671,0.7857282541387299,2.1283122947860518,0
131.57514427149937,0.1350160767989873,6.853648123169308,0
120.42359825625829,0.3964585742448413,3.0245590234891786,1
138.69929854948418,0.7173352335974987,1.1903879981372776,0
121.7827913542106,0.4919255073394606,5.409286604267225,1
149.3905953649302,0.32409270885436003,1.4572917824165466,0
97.28792705920566,0.46204770197280487,2.0827620445384287,0
61.90251738458426,0.7786969361946392,8.984812738325374,0
111.15896871881931,0.08984428207559492,6.95002652318346,1
127.93067884724701,0.9923300621019782,3.977003229792213,0
84.27524818138728,0.8941692684637911,2.4376093051748944,0
61.18271294641079,0.7720150305393237,9.768150652833258,0
110.14712221195586,0.28141557825936914,5.080937862863679,0
96.76037979174876,0.14393502501990696,1.2126197702507724,0
62.08859206637521,0.7148539301268133,3.7867314767634195,0
122.31111312333374,0.701361098480726,5.740842271331711,0
64.52655950925798,0.5262074588371539,8.007724132656328,0
78.66160277834044,0.23857341301946078,6.876991996161141,0
160.99536411955398,0.8157897003421182,3.159874963050888,1
178.45400234954616,0.4486126795777322,5.687448247190848,1
170.18097219563285,0.22995006991031275,6.075492610905199,0
105.51255319695747,0.9223685449793767,2.189912242761857,1
121.52458898157832,0.3400658437030101,6.880036308872601,1
145.11625364967148,0.24996277727463645,7.649795920306541,0
143.99236273593087,0.23113537671762951,4.054423498571367,1
109.1367906054854,0.3190596078651169,2.2935419700123365,0
161.6149405502476,0.017810620055767057,4.559330074498991,0
115.62329905680701,0.6877045980439638,8.41686721631718,0
65.30381762985584,0.21696922514826544,4.482441438491645,1
99.94244945842172,0.520800345679935,2.0852812556799396,0
129.958827985556,0.3918654165659837,7.043145064029164,1
81.31107091953554,0.5461630335683948,7.437623918042419,0
154.62425128216626,0.7057718578903289,1.2432855559857896,0
132.69674929994582,0.33920789993812295,3.96454346810594,0
150.37629078549853,0.47130339813661615,8.807573407053304,0
64.82549287145056,0.6133456195816386,4.859329700694814,1
159.5825181645917,0.338524524202678,2.76898004444121,1
86.06441990145872,0.6136066426204836,3.7451217699588506,1
170.0786212721037,0.0549762213679621,7.072921639604391,1
165.12398629731217,0.7729990142891879,9.987663027127814,0
82.20355408295003,0.12726716893752787,7.831184960168903,1
124.70039915004361,0.30504427322292704,4.37905900869767,0
118.0622943427248,0.03339438605491962,6.38475880143087,1
152.4475803628898,0.6416488751635442,3.663003238753578,1
169.91952741283393,0.8176991542651414,8.664460449798057,1
173.01301395380358,0.48733179390993486,5.6309102047934925,0
143.21223654057218,0.8528151750404304,6.6054759425953256,1
136.89390803014783,0.46010329839047914,6.515027049358888,1
170.3641527669415,0.8365551805467493,7.583099609212666,1
139.82777220858196,0.17946329829953722,2.4611898204784346,1
68.41915659421456,0.2312091752032982,9.965756444445404,1
157.65640224567989,0.7727859802002662,3.964772583273109,1
77.7135882843214,0.5768337544451629,2.436899722484081,1
133.55254568300785,0.9493973787124484,3.644345942654601,1
92.89847946736666,0.04117621854010356,2.939862606775346,0
122.93181315272872,0.10788732687188018,4.384683304435676,0
93.38697965864401,0.9560649904913474,2.6049357876191266,0
85.17756687585378,0.9679751852020944,8.963489738835598,0
137.4260034450851,0.24427691197147117,2.8383837654790156,0
98.12715247837184,0.4338715542601499,2.1019637423242656,1
60.67311368649107,0.7011711938985794,6.886137250617713,1
140.07411991385527,0.36537495383780416,9.300584140444915,0
151.06478483912278,0.3171304558077944,5.923140803524545,1
107.89813384277817,0.5861188653233848,1.7450671075878772,0
111.69899030981358,0.17412156500025378,8.167482460761422,0
154.07810605511486,0.7554427161608702,9.527186177993146,1
63.90774614727902,0.42570335235862133,2.6446914084059503,1
125.51077561938955,0.9194645569109912,4.760127755440037,0
122.81736040618816,0.7641561460487535,4.249711683474398,1
99.38952411012362,0.015729291381045174,3.9414743120747158,1
125.92719887443316,0.08160752132734883,5.944224922953543,1
118.98950627955405,0.009792394153649964,6.715532652035261,0
61.32237155333684,0.8526506424186096,2.064357234594357,1
75.75562628081965,0.5672854328351536,9.55099713154733,1
169.3276106750892,0.22237401100253829,3.7519135417826037,0
155.8876616886488,0.7998825030923625,1.4232608663682513,1
95.8492908210161,0.9140974648060076,6.050046801520641,1
142.6258588609145,0.8302380853895676,8.446504863985648,0
99.17581439619602,0.3970176759438251,1.7538773064071291,0
143.1857843189585,0.9441079089708736,8.870898956131722,0
110.08244033455645,0.004615198242335694,3.9596508674779933,0
169.0191941634647,0.3422476435740035,4.571908471793356,1
128.39316441191812,0.23785395934719855,6.086087318528426,1
147.95920177847586,0.15535625130564423,8.474461950563999,1
112.6672794574654,0.19952933779103332,4.144175728085891,0
107.87106836930467,0.5300346755217126,5.813866610910602,0
145.6975512615114,0.8715394990519076,3.8346079221728107,1
85.33252686754736,0.8378401965942264,1.0731590104089386,1
176.6095797864374,0.27698290802407344,5.937529236908064,1
144.37012975456105,0.1583624623332187,8.94426599419255,0
153.22359643805987,0.0803726869069411,3.615279561554675,0
84.744604242982,0.2737028605198666,2.143255527032748,0
104.98706643816935,0.8015518475154457,6.959856096300362,1
70.16733777126466,0.3085934491546286,4.340195551213127,1
109.77600782435815,0.1456429361574717,3.1408331480516245,0
72.74036206397093,0.3176163786594848,2.9042247582903604,0
127.6868112653292,0.5601568603760215,8.33681327046414,1
82.01751383096304,0.758232087372919,8.904026706076078,0
175.91040186256654,0.8412082836501794,2.460232420402832,0
111.47826920104798,0.060827938537851844,6.787603475808867,0
97.50242693700176,0.49498167655332825,9.871206165361148,1
86.6493088886839,0.23364043672521617,6.0081293401434035,1
157.89018945782936,0.4240627918506723,4.376919467900417,0
169.23827301195328,0.4840254247592849,1.9365640322044637,1
95.73933050565697,0.18325691729198057,8.568898608130317,1
103.31288729919291,0.6083700405339886,9.211235337596994,1
163.64061335330243,0.599456567744586,9.42944499626143,1
119.86799459590807,0.8248669093008243,4.649906915854522,1
113.7411715452967,0.05325546325499941,1.7543795919661413,1
168.04112201086372,0.40206190328553504,7.3582293268300525,1
79.4792872151834,0.4327837916781775,4.781450592760784,1
153.97587652298753,0.3581843992730448,2.702549495156542,1
64.53589076825983,0.3417142257042649,3.799825088216446,0
144.12914882708833,0.5646667341520862,5.903227804922091,1
81.42767221356252,0.6079166837638191,6.694902178374728,0
171.92635346327074,0.8851949635496089,9.27520032416072,0
126.79197602673786,0.44128346481010206,1.9916887137614283,1
156.84490805592677,0.1266282609916921,6.832727043970665,0
132.82664576445234,0.29195336985202847,8.981244920118044,1
171.68884045263695,0.5547305785516229,4.0811683855041325,0
106.84316769628933,0.6607144511936479,2.306480617824153,1
78.11000009292513,0.5869199057402082,2.4389484779500754,0
174.9782452154711,0.32551382565088405,7.235157106308387,0
101.03589977990443,0.7984429206215174,9.498150468683507,1
109.3025323413851,0.45917907995578433,9.36329359956834,0
90.61111623784953,0.6839057400306519,7.267726920593999,1
103.92791154774817,0.9285021324322402,5.132234946541015,1
152.44407053375085,0.975716618817025,4.783749512239156,0
95.02964042254771,0.4441612599807294,1.4571604013923176,1
113.89888477648142,0.41445706459710063,1.9721144985424341,1
126.38314056028459,0.4856257760939592,1.0781163009591737,1
153.7783215932851,0.5604057502574941,1.0853404366942683,0
128.3696905941771,0.4774604851014489,9.046534348714586,1
121.85005001470552,0.39726285374091364,8.934626444253457,1
156.73609320663783,0.18689684179121957,7.9841088163498135,0
165.80907188056005,0.34942035824397777,6.524407745370928,1
111.15019273895359,0.7015636885232741,1.799116398758914,0
155.07858926021498,0.9538329268115239,6.879879430673804,0
156.73700148855852,0.47725465140659296,1.9006643011821096,1
164.25045388386178,0.37444647701679734,1.9474715351632226,1
72.46244704063899,0.3858561688687072,7.699573086148226,1
64.37473096794751,0.5952854315942852,7.803154466371377,1
111.94011345405187,0.13541400018344718,6.0339912265976166,1
117.39708610530855,0.31584501751905636,1.6755250380184135,0
133.12934145407854,0.4256359223242079,6.512640936009453,0
177.95867431333477,0.05395777479970221,7.685387816937112,0
80.90357355240528,0.9557040651289098,3.0916286986167165,0
158.33032769210135,0.8237381145597501,4.645098814387721,0
164.26374380653505,0.16836232951848873,5.044438356167264,0
159.63502880603838,0.5528208451443763,6.227313411704555,1
178.41652679846086,0.7162607804426879,2.968207361356148,0
118.74295588652572,0.16020015213442718,7.675787395064109,1
61.353072547853664,0.06610998826578873,4.757146550858714,0
167.84995867197622,0.02029665451234297,3.285795807077874,0
86.82045510339748,0.6334379692678973,9.813018966656804,0
108.72681643152512,0.6964882070970653,7.4104328863577935,0
85.81382659162801,0.9467393170885308,6.136585401289137,1
148.97204571314757,0.035471256146307084,4.751923136577923,0
73.90875876628795,0.37142550651258377,8.698134073053785,0
97.0352181765432,0.2531252009071362,9.001669550986717,1
88.69155400401428,0.38197727438472373,5.474774293650434,1
174.0995517091286,0.256252406687407,9.534910161287417,0
108.72028733388032,0.48753208818166893,7.2836687413285,1
166.68407589243864,0.20356232287215348,4.061988959635098,0
70.69370526117015,0.25736775188677896,3.5952530867308785,0
94.2232160078855,0.8760427528626427,4.783104832552929,1
121.22326755618494,0.5627634381019433,9.812838565047205,1
116.18148993060353,0.8626604060838432,5.176197283451844,0
86.57343965154132,0.7952960016312004,1.75414195718567,1
138.4856111985667,0.6258815247821861,7.557686949079914,0
156.73719245293228,0.9858389537360496,1.820324266396106,1
108.54805054268293,0.9031405921511436,3.0633087734787665,1
116.175546999588,0.1139623329905669,5.3988849290382595,0
136.0042399802656,0.5591107393088185,9.554926642091996,1
71.7060656996984,0.9855730058677747,9.569607340129451,0
168.36139879812944,0.9768572500274613,5.561222312163187,0
146.32565174219985,0.02184290730356253,1.49464748459868,0
134.0471089246946,0.9772387431588813,4.1992678130546786,0
167.69933293140275,0.04704531233720011,3.083474127941417,0
103.72553581141777,0.04003799870160096,1.4703306322036152,0
133.1578617580102,0.08610763447196013,8.671948155045913,0
157.26102060764168,0.3852703270888914,3.8838882279249294,0
175.89371469668754,0.7886967797827091,9.533263590014554,0
175.8008107321089,0.27861664564048083,9.394143341461984,1
124.98931370777977,0.6786891701806347,5.150576153516755,0
159.6069175554784,0.8482809005639531,4.5037758241446575,1
66.3859670028333,0.7415834674564347,4.189909517500429,1
130.24858080465805,0.22870923110837005,2.3791672601822706,0
138.55191072716917,0.13097496169437517,5.270469682623309,0
112.79010564990304,0.0018625727981130824,4.103212711384677,0
96.16873165896112,0.41102283894877545,6.528979707108026,0
63.210839105147464,0.8435471497966296,4.654358745156726,1
163.086758275924,0.3489844199585126,3.5440240184346177,1
135.7960352061762,0.3343878937604863,7.10010308735922,0
162.65895839642852,0.7068333338494751,8.647027117548404,0
155.4820622726911,0.8756463836839149,3.7795967127710104,1
84.95114469178779,0.7593637051924959,8.772732894776373,1
162.42857020794747,0.38869776870252826,4.62689840306529,1
115.34676741319613,0.2558112086998654,7.412924765825824,1
160.1452031996458,0.9022979265264353,6.304786504135022,1
62.06140728128045,0.00029457930719090086,6.234457767233577,1
139.86324051394467,0.21723394346111902,2.6526573458689637,0
70.3857140422093,0.39883895921993373,8.846757575283906,1
137.2955312722999,0.8394255094226083,4.969499982923249,0
165.03727261312957,0.35135522655814544,7.77531040196024,0
152.1602482570937,0.30251529551097167,5.846900253038046,1
81.92379529127153,0.08934634379002948,7.7462595290273395,0
159.23312504250163,0.310161370600747,8.509945143378525,0
155.1920882504033,0.7880128335942159,2.073857966333855,0
147.59036507052156,0.7476489786601735,4.417383954897688,1
129.07302985351623,0.9206999296983811,9.884999369070137,0
146.5647045031937,0.5159235606294005,7.281195881435093,0
137.5457453890199,0.4983230013384238,5.377112233166056,1
108.66021688914074,0.8318684190827115,8.36118100500925,0
80.11238337298649,0.26652995898447773,3.053426113853207,1
81.73336119708762,0.11611325738304512,6.774973174528605,0
161.13921044756802,0.6150836781379246,8.995054158595362,0
153.82149982514963,0.28762462469143546,1.7940530996766584,0
110.72672401646412,0.8468520416204619,5.2163067294242484,0
179.30300540748203,0.17364703217546928,8.840518740012923,0
103.06222469450276,0.8034980524326198,5.183143017492681,1
81.95990401986819,0.7643645858890729,1.2760628825587506,1
91.72915327988851,0.0976229637393069,8.783514130495355,0
100.81339153351554,0.7246661871254649,5.387882378394692,1
93.96130961839538,0.4817796399426103,5.229497136487456,0
76.57179400102164,0.10701802902095037,9.132986389917498,0
118.70977790387022,0.5953842069900381,8.795919418289277,0
151.80393980493022,0.044164996125728107,9.767731459794149,1
174.42953928787793,0.35370490457195236,5.9196777618449525,0
113.7774818476797,0.9354839177817768,9.751300391887394,1
168.71202545646406,0.1510091304653004,2.5902751126593615,0
117.20553282051432,0.2660828394126252,7.979122474350844,0
124.02857426244066,0.31984808272092724,5.864698793815042,0
129.41535012680356,0.7748464525739124,2.4816641976683815,1
64.90979286493534,0.388395115908315,2.739054256156642,1
115.90128109051187,0.6153516093725871,3.719507788922682,0
168.04740159706284,0.5288346966632795,9.462198826550921,0
179.34553783074057,0.26979159548250975,8.044765925508518,1
167.3703471064884,0.21223911502337067,8.490318682674285,1
100.61149021437059,0.5154522885389001,5.567452012863799,0
128.04389623458724,0.37198075553457555,9.873241679447517,1
95.09044476788426,0.5345171834463265,7.7288274058370146,0
60.38829143166921,0.3708777173359519,8.224046959022335,1
147.89132060987703,0.22587938737707014,2.2112636807112915,0
87.0966397553512,0.6741892537116515,8.58911682045527,1
110.42772175785463,0.5720882787927543,3.493193663060862,0
109.57826805998889,0.8668987449905977,7.696030515131486,0
110.90589785034257,0.8685170609631396,6.066904381742204,1
132.6511539650374,0.2591339864769121,1.4710205726850805,0
93.15770418100388,0.8824620604876933,8.44408544666192,1
150.38732249491227,0.43180112770075263,3.3041055068000125,0
63.926739427922556,0.3102030359614535,5.674057215231722,1
91.45526654007898,0.6393474662798103,3.999931585453677,0
150.43975592432434,0.11105053360883999,1.2324928271773226,1
120.03079268778595,0.880874075201965,4.968900153723075,0
117.8133838648496,0.7678661913994197,6.712954141992093,1
154.90112046678865,0.02974214511601181,2.7563786946356252,1
64.71023436549994,0.02377148585082789,6.603041845664304,1
121.58849892064524,0.26335764521581906,4.4513629036085325,1
144.42078101418545,0.10475946051477891,6.720781445118302,0
85.4642869487153,0.2891616905323797,1.3556617801712432,1
110.85508364188945,0.3803377288409001,2.813274448045069,0
64.56175120558483,0.536807312114792,2.8048639343148434,0
160.67486390627778,0.724672218802314,9.595914282928694,0
173.71374337087877,0.16431870996546616,1.5496083297485983,0
119.68150543158009,0.9286734995499083,2.722144847890868,0
81.07188173456962,0.7864605559814432,8.563343741047913,0
135.28938854541613,0.27554116101114245,4.202749577674185,0
103.06480610266395,0.05001564942330494,9.495851268312082,1
68.12331964616757,0.37878497779159725,3.1404630480584586,1
116.89407107598099,0.8077574186998152,1.1365148123945399,1
91.36432302883136,0.16540983046004565,5.200246883998915,1
126.65090960476398,0.016976496497440707,1.690718738019019,0
134.47930849434374,0.6664348163522389,2.0435670017243974,1
82.80116497386362,0.10120775692983697,2.632812594241429,0
102.82502718972982,0.43735204560524166,1.2383109627280908,1
104.03177452732382,0.7358588297369653,7.5543977159413584,1
130.0375139461086,0.4713208307337855,6.942697955761762,0
93.9462945075062,0.11720406127574856,7.387950363205131,0
114.26287020204018,0.05131391157479637,2.7300276107143664,0
89.3600449483722,0.5230537585281512,8.468197289167733,1
103.67758661560623,0.5026031117600303,8.410245821891104,1
103.1440336092745,0.5277503170149801,7.6736891794489,1
126.4816344154318,0.9442974494218043,9.124817956953077,1
120.07330094887246,0.8493273082043201,7.201493584733466,0
167.12470872989923,0.07058156175776753,1.750487612658596,0
160.74463924947833,0.2725897450247917,3.835597312367478,1
122.70582060502097,0.6470483918202775,4.444755954400279,0
115.05530512678197,0.6125605018435594,4.23804808947701,1
163.64697784807694,0.9783719122676197,9.587253833268997,1
107.09945092133547,0.660319297286131,4.981379754145022,1
99.6075186852313,0.5101783600673074,2.0771188042660933,1
164.18451710130117,0.3952874592408002,2.1719087088337767,1
134.88648064938403,0.9692304275268716,2.2634910699465864,0
74.73060065493732,0.1527387224595883,4.061501758413528,0
109.25972261968525,0.43261746675897017,8.38733463771624,0
116.21613685934415,0.6383808798715729,8.929066173244983,0
70.04114182802361,0.5397995099751741,3.7497086958849413,1
61.774801403728794,0.8510180629443396,9.375677175548157,1
152.2085691640395,0.49770597452118504,6.477320555750159,0
86.25648223816471,0.6482073728956704,2.7440339565930167,1
110.17589634365186,0.011974810640777767,8.716398125598394,1
163.74799809349722,0.47005353737053945,2.6953379940964632,0
164.38913675556745,0.5958287543807762,8.662846943362652,0
94.29705551381551,0.4363390285684057,8.94579656643891,1
179.64485014985806,0.7940092222636799,5.934070065298297,1
63.852100256828464,0.044750562869079746,1.2405897099463563,0
92.29253214841401,0.35865630709168383,5.838996206597309,0
74.80399807442727,0.13343746653762378,6.189135351656078,1
168.16408291611015,0.8483963888731548,4.994196037182082,0
76.41451253226697,0.37750478008961785,5.180586389008918,0
137.63242589012975,0.3598679391581455,1.4879949589382644,1
166.97162355389307,0.037333289107476686,3.5537500953020147,0
150.1027750011674,0.3616716527516852,2.826478587695564,0
97.01794387209898,0.9017754342189064,1.9999055870210145,0
69.20208393638129,0.7319850155940173,7.881361236331239,1
143.68575514647284,0.9867330260417385,5.012280795323257,1
119.40062937357521,0.6660463244273546,8.818137378181152,0
173.0889147410206,0.6353621601577403,9.029390911383468,1
167.71416399201667,0.6512317692992242,6.782093556254576,0
71.418943982586,0.02670415780189561,2.2654574105137306,0
80.4186566846155,0.46060916738436286,6.2469553106490086,0
125.22682709631727,0.8747347335131714,9.382467011083332,1
90.41375433357234,0.6779456298238347,3.6769063673129367,1
117.51767006356337,0.8390633789640549,9.833020756566784,1
93.82960469173179,0.7898769174714815,9.206671583697942,1
147.17180263700567,0.29815324517307307,3.1576721978464364,1
85.49300750929622,0.28070756028225996,9.803166034536483,0
157.13807055137468,0.30493522858911215,7.543308840213453,1
83.85152952455218,0.710444997376611,2.7402996415491843,0
75.0391802082419,0.7343872852017548,7.680620797934753,0
118.13323706702792,0.7673493234885785,4.955345919411744,1
163.31060541403718,0.011639730341843402,5.226728431771781,0
135.25908010623704,0.12581798723532756,8.89904900464367,0
